ID;PRC;DT_ENTD_PRC;RESULTADO
1;D;01/05/2020;25
2;F;01/05/2020;436
3;H;01/05/2020;1
4;J;01/05/2020;8
5;L;01/05/2020;51
6;N;01/05/2020;2
7;A;04/05/2020;464
8;B;04/05/2020;522
9;C;04/05/2020;302
10;D;04/05/2020;315
11;E;04/05/2020;306
12;F;04/05/2020;23
13;G;04/05/2020;523
14;H;04/05/2020;194
15;I;04/05/2020;228
16;J;04/05/2020;827
17;L;04/05/2020;2412
18;M;04/05/2020;270
19;N;04/05/2020;137
20;A;05/05/2020;444
21;B;05/05/2020;449
22;C;05/05/2020;344
23;D;05/05/2020;219
24;E;05/05/2020;360
25;F;05/05/2020;452
26;G;05/05/2020;527
27;H;05/05/2020;222
28;I;05/05/2020;371
29;J;05/05/2020;777
30;L;05/05/2020;243
31;M;05/05/2020;416
32;N;05/05/2020;192
33;A;06/05/2020;470
34;B;06/05/2020;474
35;C;06/05/2020;386
36;D;06/05/2020;237
37;E;06/05/2020;320
38;F;06/05/2020;500
39;G;06/05/2020;524
40;H;06/05/2020;258
41;I;06/05/2020;405
42;J;06/05/2020;857
43;L;06/05/2020;136
44;M;06/05/2020;333
45;N;06/05/2020;223
46;O;06/05/2020;1981
47;A;07/05/2020;479
48;B;07/05/2020;571
49;C;07/05/2020;398
50;D;07/05/2020;279
51;E;07/05/2020;301
52;F;07/05/2020;520
53;G;07/05/2020;499
54;H;07/05/2020;254
55;I;07/05/2020;344
56;J;07/05/2020;924
57;M;07/05/2020;289
58;N;07/05/2020;160
59;O;07/05/2020;1625
60;A;08/05/2020;495
61;B;08/05/2020;427
62;C;08/05/2020;456
63;D;08/05/2020;240
64;E;08/05/2020;265
65;F;08/05/2020;434
66;G;08/05/2020;546
67;H;08/05/2020;216
68;I;08/05/2020;376
69;J;08/05/2020;942
70;L;08/05/2020;105
71;M;08/05/2020;372
72;N;08/05/2020;237
73;O;08/05/2020;1937
74;A;11/05/2020;508
75;B;11/05/2020;493
76;C;11/05/2020;443
77;D;11/05/2020;234
78;E;11/05/2020;299
79;F;11/05/2020;391
80;G;11/05/2020;595
81;H;11/05/2020;263
82;I;11/05/2020;373
83;J;11/05/2020;1025
84;L;11/05/2020;1366
85;M;11/05/2020;373
86;N;11/05/2020;238
87;O;11/05/2020;3426
88;A;12/05/2020;501
89;B;12/05/2020;540
90;C;12/05/2020;346
91;D;12/05/2020;279
92;E;12/05/2020;297
93;F;12/05/2020;280
94;G;12/05/2020;627
95;H;12/05/2020;247
96;I;12/05/2020;389
97;J;12/05/2020;968
98;M;12/05/2020;434
99;N;12/05/2020;238
100;O;12/05/2020;2240
101;A;13/05/2020;492
102;B;13/05/2020;487
103;C;13/05/2020;461
104;D;13/05/2020;270
105;E;13/05/2020;351
106;F;13/05/2020;512
107;G;13/05/2020;587
108;H;13/05/2020;276
109;I;13/05/2020;357
110;J;13/05/2020;693
111;M;13/05/2020;347
112;N;13/05/2020;250
113;O;13/05/2020;2099
114;A;14/05/2020;482
115;B;14/05/2020;464
116;C;14/05/2020;307
117;D;14/05/2020;277
118;E;14/05/2020;339
119;F;14/05/2020;620
120;G;14/05/2020;622
121;H;14/05/2020;260
122;I;14/05/2020;426
123;J;14/05/2020;1077
124;M;14/05/2020;360
125;N;14/05/2020;254
126;O;14/05/2020;1866
127;A;15/05/2020;492
128;B;15/05/2020;479
129;C;15/05/2020;362
130;D;15/05/2020;190
131;E;15/05/2020;284
132;F;15/05/2020;610
133;G;15/05/2020;521
134;H;15/05/2020;238
135;I;15/05/2020;450
136;J;15/05/2020;911
137;L;15/05/2020;1101
138;M;15/05/2020;423
139;N;15/05/2020;196
140;O;15/05/2020;1859
141;A;18/05/2020;449
142;B;18/05/2020;472
143;C;18/05/2020;399
144;D;18/05/2020;192
145;E;18/05/2020;289
146;F;18/05/2020;1037
147;G;18/05/2020;537
148;H;18/05/2020;233
149;I;18/05/2020;379
150;J;18/05/2020;1115
151;L;18/05/2020;113
152;M;18/05/2020;351
153;N;18/05/2020;268
154;O;18/05/2020;3094
155;A;19/05/2020;501
156;B;19/05/2020;541
157;C;19/05/2020;366
158;D;19/05/2020;260
159;E;19/05/2020;343
160;F;19/05/2020;444
161;G;19/05/2020;695
162;H;19/05/2020;260
163;I;19/05/2020;434
164;J;19/05/2020;1009
165;K;19/05/2020;1
166;L;19/05/2020;233
167;M;19/05/2020;288
168;N;19/05/2020;299
169;O;19/05/2020;1674
170;A;20/05/2020;459
171;B;20/05/2020;533
172;C;20/05/2020;366
173;D;20/05/2020;254
174;E;20/05/2020;331
175;F;20/05/2020;537
176;G;20/05/2020;607
177;H;20/05/2020;247
178;I;20/05/2020;352
179;J;20/05/2020;994
180;K;20/05/2020;578
181;M;20/05/2020;316
182;N;20/05/2020;159
183;O;20/05/2020;1765
184;A;21/05/2020;395
185;B;21/05/2020;443
186;C;21/05/2020;423
187;D;21/05/2020;218
188;E;21/05/2020;322
189;F;21/05/2020;390
190;G;21/05/2020;647
191;H;21/05/2020;249
192;I;21/05/2020;340
193;J;21/05/2020;1002
194;K;21/05/2020;1001
195;L;21/05/2020;1
196;M;21/05/2020;290
197;N;21/05/2020;233
198;O;21/05/2020;1619
199;A;22/05/2020;439
200;B;22/05/2020;573
201;C;22/05/2020;305
202;D;22/05/2020;239
203;E;22/05/2020;318
204;F;22/05/2020;311
205;G;22/05/2020;580
206;H;22/05/2020;245
207;I;22/05/2020;388
208;J;22/05/2020;1143
209;K;22/05/2020;1112
210;L;22/05/2020;17
211;M;22/05/2020;328
212;N;22/05/2020;205
213;O;22/05/2020;1577
214;A;25/05/2020;508
215;B;25/05/2020;507
216;C;25/05/2020;334
217;D;25/05/2020;170
218;E;25/05/2020;280
219;F;25/05/2020;196
220;G;25/05/2020;488
221;H;25/05/2020;235
222;I;25/05/2020;330
223;J;25/05/2020;787
224;K;25/05/2020;1034
225;L;25/05/2020;166
226;M;25/05/2020;188
227;N;25/05/2020;180
228;O;25/05/2020;2306
229;A;26/05/2020;430
230;B;26/05/2020;459
231;C;26/05/2020;412
232;D;26/05/2020;266
233;E;26/05/2020;282
234;F;26/05/2020;406
235;G;26/05/2020;586
236;H;26/05/2020;246
237;I;26/05/2020;287
238;J;26/05/2020;1156
239;K;26/05/2020;827
240;L;26/05/2020;7
241;M;26/05/2020;254
242;N;26/05/2020;194
243;O;26/05/2020;1154
244;A;27/05/2020;437
245;B;27/05/2020;502
246;C;27/05/2020;327
247;D;27/05/2020;234
248;E;27/05/2020;375
249;F;27/05/2020;475
250;G;27/05/2020;605
251;H;27/05/2020;286
252;I;27/05/2020;337
253;J;27/05/2020;1202
254;K;27/05/2020;408
255;L;27/05/2020;11
256;M;27/05/2020;273
257;N;27/05/2020;281
258;O;27/05/2020;1105
259;A;28/05/2020;423
260;B;28/05/2020;556
261;C;28/05/2020;484
262;D;28/05/2020;225
263;E;28/05/2020;314
264;F;28/05/2020;423
265;G;28/05/2020;563
266;H;28/05/2020;256
267;I;28/05/2020;384
268;J;28/05/2020;1173
269;K;28/05/2020;287
270;M;28/05/2020;297
271;N;28/05/2020;314
272;O;28/05/2020;1138
273;A;29/05/2020;376
274;B;29/05/2020;453
275;C;29/05/2020;385
276;D;29/05/2020;238
277;E;29/05/2020;334
278;F;29/05/2020;701
279;G;29/05/2020;532
280;H;29/05/2020;233
281;I;29/05/2020;425
282;J;29/05/2020;1003
283;K;29/05/2020;649
284;L;29/05/2020;2
285;M;29/05/2020;323
286;N;29/05/2020;260
287;O;29/05/2020;1381
288;A;01/06/2020;260
289;B;01/06/2020;359
290;C;01/06/2020;405
291;D;01/06/2020;269
292;E;01/06/2020;326
293;F;01/06/2020;584
294;G;01/06/2020;620
295;H;01/06/2020;267
296;I;01/06/2020;523
297;J;01/06/2020;1166
298;K;01/06/2020;1418
299;L;01/06/2020;514
300;M;01/06/2020;375
301;N;01/06/2020;345
302;O;01/06/2020;2423
303;A;02/06/2020;514
304;B;02/06/2020;581
305;C;02/06/2020;485
306;D;02/06/2020;307
307;E;02/06/2020;382
308;F;02/06/2020;481
309;G;02/06/2020;665
310;H;02/06/2020;253
311;I;02/06/2020;215
312;J;02/06/2020;1116
313;K;02/06/2020;3610
314;L;02/06/2020;158
315;M;02/06/2020;352
316;N;02/06/2020;307
317;O;02/06/2020;1427
318;A;03/06/2020;480
319;B;03/06/2020;583
320;C;03/06/2020;415
321;D;03/06/2020;353
322;E;03/06/2020;421
323;F;03/06/2020;604
324;G;03/06/2020;639
325;H;03/06/2020;272
326;I;03/06/2020;471
327;J;03/06/2020;1086
328;K;03/06/2020;1481
329;L;03/06/2020;16
330;M;03/06/2020;376
331;N;03/06/2020;277
332;O;03/06/2020;1463
333;A;04/06/2020;401
334;B;04/06/2020;469
335;C;04/06/2020;501
336;D;04/06/2020;291
337;E;04/06/2020;439
338;F;04/06/2020;589
339;G;04/06/2020;630
340;H;04/06/2020;236
341;I;04/06/2020;295
342;J;04/06/2020;1281
343;K;04/06/2020;1468
344;L;04/06/2020;2562
345;M;04/06/2020;452
346;N;04/06/2020;273
347;O;04/06/2020;1089
348;A;05/06/2020;413
349;B;05/06/2020;531
350;C;05/06/2020;521
351;D;05/06/2020;257
352;E;05/06/2020;316
353;F;05/06/2020;492
354;G;05/06/2020;494
355;H;05/06/2020;207
356;I;05/06/2020;689
357;J;05/06/2020;1253
358;K;05/06/2020;1543
359;L;05/06/2020;172
360;M;05/06/2020;242
361;N;05/06/2020;395
362;O;05/06/2020;2186
363;A;08/06/2020;481
364;B;08/06/2020;566
365;C;08/06/2020;457
366;D;08/06/2020;221
367;E;08/06/2020;383
368;F;08/06/2020;512
369;G;08/06/2020;587
370;H;08/06/2020;256
371;I;08/06/2020;464
372;J;08/06/2020;1374
373;K;08/06/2020;1162
374;L;08/06/2020;1346
375;M;08/06/2020;354
376;N;08/06/2020;399
377;O;08/06/2020;2254
378;A;09/06/2020;450
379;B;09/06/2020;540
380;C;09/06/2020;451
381;D;09/06/2020;306
382;E;09/06/2020;428
383;F;09/06/2020;375
384;G;09/06/2020;684
385;H;09/06/2020;277
386;I;09/06/2020;386
387;J;09/06/2020;1630
388;K;09/06/2020;1268
389;M;09/06/2020;246
390;N;09/06/2020;396
391;O;09/06/2020;1980
392;A;10/06/2020;461
393;B;10/06/2020;523
394;C;10/06/2020;695
395;D;10/06/2020;371
396;E;10/06/2020;423
397;F;10/06/2020;428
398;G;10/06/2020;600
399;H;10/06/2020;276
400;I;10/06/2020;843
401;J;10/06/2020;1550
402;K;10/06/2020;906
403;M;10/06/2020;264
404;N;10/06/2020;342
405;O;10/06/2020;1769
406;C;11/06/2020;2
407;D;11/06/2020;22
408;F;11/06/2020;487
409;I;11/06/2020;2
410;J;11/06/2020;25
411;N;11/06/2020;1
412;A;12/06/2020;369
413;B;12/06/2020;430
414;C;12/06/2020;598
415;D;12/06/2020;173
416;E;12/06/2020;276
417;F;12/06/2020;118
418;G;12/06/2020;600
419;H;12/06/2020;265
420;I;12/06/2020;432
421;J;12/06/2020;1490
422;K;12/06/2020;1958
423;M;12/06/2020;228
424;N;12/06/2020;356
425;O;12/06/2020;2639
426;A;15/06/2020;174
427;B;15/06/2020;511
428;C;15/06/2020;604
429;D;15/06/2020;232
430;E;15/06/2020;340
431;F;15/06/2020;361
432;G;15/06/2020;567
433;H;15/06/2020;279
434;I;15/06/2020;462
435;J;15/06/2020;1772
436;K;15/06/2020;1184
437;L;15/06/2020;933
438;M;15/06/2020;216
439;N;15/06/2020;413
440;O;15/06/2020;3213
441;A;16/06/2020;423
442;B;16/06/2020;516
443;C;16/06/2020;429
444;D;16/06/2020;348
445;E;16/06/2020;461
446;F;16/06/2020;473
447;G;16/06/2020;739
448;H;16/06/2020;324
449;I;16/06/2020;457
450;J;16/06/2020;1441
451;K;16/06/2020;1433
452;L;16/06/2020;254
453;M;16/06/2020;275
454;N;16/06/2020;441
455;O;16/06/2020;1876
456;A;17/06/2020;562
457;B;17/06/2020;535
458;C;17/06/2020;542
459;D;17/06/2020;283
460;E;17/06/2020;532
461;F;17/06/2020;230
462;G;17/06/2020;718
463;H;17/06/2020;270
464;I;17/06/2020;470
465;J;17/06/2020;1492
466;L;17/06/2020;1
467;M;17/06/2020;387
468;N;17/06/2020;402
469;O;17/06/2020;634
470;A;18/06/2020;479
471;B;18/06/2020;516
472;C;18/06/2020;326
473;D;18/06/2020;294
474;E;18/06/2020;438
475;F;18/06/2020;528
476;G;18/06/2020;807
477;H;18/06/2020;319
478;I;18/06/2020;371
479;J;18/06/2020;1674
480;K;18/06/2020;1842
481;L;18/06/2020;109
482;M;18/06/2020;364
483;N;18/06/2020;350
484;O;18/06/2020;2609
485;A;19/06/2020;400
486;B;19/06/2020;420
487;C;19/06/2020;609
488;D;19/06/2020;239
489;E;19/06/2020;395
490;F;19/06/2020;330
491;G;19/06/2020;804
492;H;19/06/2020;282
493;I;19/06/2020;557
494;J;19/06/2020;722
495;K;19/06/2020;955
496;L;19/06/2020;221
497;M;19/06/2020;379
498;N;19/06/2020;369
499;O;19/06/2020;1560
500;A;22/06/2020;421
501;B;22/06/2020;426
502;C;22/06/2020;520
503;D;22/06/2020;247
504;E;22/06/2020;387
505;F;22/06/2020;374
506;G;22/06/2020;702
507;H;22/06/2020;311
508;I;22/06/2020;619
509;J;22/06/2020;954
510;K;22/06/2020;1112
511;L;22/06/2020;19
512;M;22/06/2020;359
513;N;22/06/2020;384
514;O;22/06/2020;1960
515;A;23/06/2020;436
516;B;23/06/2020;405
517;C;23/06/2020;483
518;D;23/06/2020;251
519;E;23/06/2020;504
520;F;23/06/2020;222
521;G;23/06/2020;833
522;H;23/06/2020;296
523;I;23/06/2020;468
524;J;23/06/2020;1149
525;K;23/06/2020;1492
526;M;23/06/2020;405
527;N;23/06/2020;401
528;O;23/06/2020;1172
529;A;24/06/2020;300
530;B;24/06/2020;334
531;C;24/06/2020;415
532;D;24/06/2020;221
533;E;24/06/2020;324
534;F;24/06/2020;265
535;G;24/06/2020;845
536;H;24/06/2020;311
537;I;24/06/2020;430
538;J;24/06/2020;770
539;K;24/06/2020;1064
540;L;24/06/2020;205
541;M;24/06/2020;282
542;N;24/06/2020;412
543;O;24/06/2020;948
544;A;25/06/2020;305
545;B;25/06/2020;316
546;C;25/06/2020;478
547;D;25/06/2020;238
548;E;25/06/2020;537
549;F;25/06/2020;377
550;G;25/06/2020;1062
551;H;25/06/2020;377
552;I;25/06/2020;445
553;J;25/06/2020;948
554;K;25/06/2020;1064
555;L;25/06/2020;8
556;M;25/06/2020;382
557;N;25/06/2020;439
558;O;25/06/2020;872
559;A;26/06/2020;227
560;B;26/06/2020;251
561;C;26/06/2020;411
562;D;26/06/2020;233
563;E;26/06/2020;416
564;F;26/06/2020;326
565;G;26/06/2020;1086
566;H;26/06/2020;373
567;I;26/06/2020;394
568;J;26/06/2020;1329
569;K;26/06/2020;1065
570;L;26/06/2020;11
571;M;26/06/2020;504
572;N;26/06/2020;353
573;O;26/06/2020;870
574;A;29/06/2020;159
575;B;29/06/2020;191
576;C;29/06/2020;519
577;D;29/06/2020;210
578;E;29/06/2020;392
579;F;29/06/2020;495
580;G;29/06/2020;1085
581;H;29/06/2020;404
582;I;29/06/2020;454
583;J;29/06/2020;1175
584;K;29/06/2020;1102
585;L;29/06/2020;471
586;M;29/06/2020;396
587;N;29/06/2020;328
588;O;29/06/2020;1443
589;A;30/06/2020;85
590;B;30/06/2020;114
591;C;30/06/2020;587
592;D;30/06/2020;232
593;E;30/06/2020;421
594;F;30/06/2020;437
595;G;30/06/2020;1039
596;H;30/06/2020;362
597;I;30/06/2020;426
598;J;30/06/2020;1061
599;K;30/06/2020;1180
600;L;30/06/2020;13
601;M;30/06/2020;480
602;N;30/06/2020;341
603;O;30/06/2020;1254
604;A;01/07/2020;297
605;B;01/07/2020;235
606;C;01/07/2020;510
607;D;01/07/2020;297
608;E;01/07/2020;466
609;F;01/07/2020;417
610;G;01/07/2020;1366
611;H;01/07/2020;408
612;I;01/07/2020;415
613;J;01/07/2020;1426
614;K;01/07/2020;1441
615;L;01/07/2020;51
616;M;01/07/2020;592
617;N;01/07/2020;331
618;O;01/07/2020;921
619;A;02/07/2020;535
620;B;02/07/2020;499
621;C;02/07/2020;532
622;D;02/07/2020;287
623;E;02/07/2020;411
624;F;02/07/2020;468
625;G;02/07/2020;1503
626;H;02/07/2020;518
627;I;02/07/2020;482
628;J;02/07/2020;1319
629;K;02/07/2020;2067
630;L;02/07/2020;158
631;M;02/07/2020;743
632;N;02/07/2020;357
633;O;02/07/2020;1384
634;A;03/07/2020;569
635;B;03/07/2020;446
636;C;03/07/2020;539
637;D;03/07/2020;212
638;E;03/07/2020;353
639;F;03/07/2020;313
640;G;03/07/2020;1744
641;H;03/07/2020;608
642;I;03/07/2020;476
643;J;03/07/2020;1802
644;L;03/07/2020;14
645;M;03/07/2020;727
646;N;03/07/2020;472
647;A;06/07/2020;799
648;B;06/07/2020;563
649;C;06/07/2020;670
650;D;06/07/2020;222
651;E;06/07/2020;309
652;F;06/07/2020;301
653;G;06/07/2020;1368
654;H;06/07/2020;547
655;I;06/07/2020;442
656;J;06/07/2020;1725
657;L;06/07/2020;2693
658;M;06/07/2020;682
659;N;06/07/2020;604
660;A;07/07/2020;886
661;B;07/07/2020;500
662;C;07/07/2020;654
663;D;07/07/2020;216
664;E;07/07/2020;419
665;F;07/07/2020;336
666;G;07/07/2020;1779
667;H;07/07/2020;689
668;I;07/07/2020;459
669;J;07/07/2020;1687
670;K;07/07/2020;1304
671;L;07/07/2020;5
672;M;07/07/2020;882
673;N;07/07/2020;1173
674;O;07/07/2020;1308
675;A;08/07/2020;904
676;B;08/07/2020;517
677;C;08/07/2020;696
678;D;08/07/2020;239
679;E;08/07/2020;513
680;F;08/07/2020;298
681;G;08/07/2020;1491
682;H;08/07/2020;553
683;I;08/07/2020;476
684;J;08/07/2020;1710
685;K;08/07/2020;1071
686;L;08/07/2020;109
687;M;08/07/2020;673
688;N;08/07/2020;1108
689;O;08/07/2020;894
690;A;09/07/2020;709
691;B;09/07/2020;442
692;C;09/07/2020;651
693;D;09/07/2020;222
694;E;09/07/2020;435
695;F;09/07/2020;404
696;G;09/07/2020;1727
697;H;09/07/2020;632
698;I;09/07/2020;392
699;J;09/07/2020;1528
700;K;09/07/2020;983
701;L;09/07/2020;1520
702;M;09/07/2020;591
703;N;09/07/2020;1099
704;O;09/07/2020;948
705;A;10/07/2020;304
706;B;10/07/2020;475
707;C;10/07/2020;665
708;D;10/07/2020;197
709;E;10/07/2020;356
710;F;10/07/2020;379
711;G;10/07/2020;1240
712;H;10/07/2020;470
713;I;10/07/2020;448
714;J;10/07/2020;1830
715;K;10/07/2020;933
716;M;10/07/2020;497
717;N;10/07/2020;906
718;O;10/07/2020;958
719;H;11/07/2020;1
720;A;13/07/2020;1130
721;B;13/07/2020;487
722;C;13/07/2020;700
723;D;13/07/2020;187
724;E;13/07/2020;373
725;F;13/07/2020;335
726;G;13/07/2020;1120
727;H;13/07/2020;384
728;I;13/07/2020;496
729;J;13/07/2020;1941
730;K;13/07/2020;986
731;M;13/07/2020;361
732;N;13/07/2020;1072
733;O;13/07/2020;1500
734;A;14/07/2020;979
735;B;14/07/2020;486
736;C;14/07/2020;539
737;D;14/07/2020;282
738;E;14/07/2020;389
739;F;14/07/2020;333
740;G;14/07/2020;1229
741;H;14/07/2020;419
742;I;14/07/2020;373
743;J;14/07/2020;1760
744;K;14/07/2020;1317
745;L;14/07/2020;1316
746;M;14/07/2020;705
747;N;14/07/2020;1131
748;O;14/07/2020;941
749;A;15/07/2020;1189
750;B;15/07/2020;613
751;C;15/07/2020;1403
752;D;15/07/2020;226
753;E;15/07/2020;392
754;F;15/07/2020;390
755;G;15/07/2020;1118
756;H;15/07/2020;449
757;I;15/07/2020;420
758;J;15/07/2020;1950
759;K;15/07/2020;1034
760;L;15/07/2020;14
761;M;15/07/2020;728
762;N;15/07/2020;802
763;O;15/07/2020;831
764;A;16/07/2020;1163
765;B;16/07/2020;587
766;C;16/07/2020;756
767;D;16/07/2020;236
768;E;16/07/2020;389
769;F;16/07/2020;395
770;G;16/07/2020;1055
771;H;16/07/2020;353
772;I;16/07/2020;420
773;J;16/07/2020;2062
774;K;16/07/2020;1117
775;L;16/07/2020;5
776;M;16/07/2020;642
777;N;16/07/2020;759
778;O;16/07/2020;821
779;A;17/07/2020;1066
780;B;17/07/2020;569
781;C;17/07/2020;484
782;D;17/07/2020;183
783;E;17/07/2020;329
784;F;17/07/2020;391
785;G;17/07/2020;1013
786;H;17/07/2020;365
787;I;17/07/2020;358
788;J;17/07/2020;1847
789;K;17/07/2020;829
790;M;17/07/2020;578
791;N;17/07/2020;750
792;O;17/07/2020;707
793;A;20/07/2020;1207
794;B;20/07/2020;492
795;C;20/07/2020;451
796;D;20/07/2020;193
797;E;20/07/2020;343
798;F;20/07/2020;333
799;G;20/07/2020;1142
800;H;20/07/2020;375
801;I;20/07/2020;441
802;J;20/07/2020;1804
803;K;20/07/2020;932
804;L;20/07/2020;315
805;M;20/07/2020;417
806;N;20/07/2020;645
807;O;20/07/2020;1110
808;A;21/07/2020;905
809;B;21/07/2020;390
810;C;21/07/2020;417
811;D;21/07/2020;246
812;E;21/07/2020;355
813;F;21/07/2020;415
814;G;21/07/2020;1055
815;H;21/07/2020;399
816;I;21/07/2020;426
817;J;21/07/2020;1907
818;K;21/07/2020;1239
819;L;21/07/2020;26
820;M;21/07/2020;469
821;N;21/07/2020;802
822;O;21/07/2020;1198
823;A;22/07/2020;1390
824;B;22/07/2020;683
825;C;22/07/2020;517
826;D;22/07/2020;237
827;E;22/07/2020;363
828;F;22/07/2020;5
829;G;22/07/2020;1132
830;H;22/07/2020;426
831;I;22/07/2020;432
832;J;22/07/2020;1866
833;K;22/07/2020;848
834;L;22/07/2020;19
835;M;22/07/2020;489
836;N;22/07/2020;752
837;O;22/07/2020;753
838;A;23/07/2020;1000
839;B;23/07/2020;511
840;C;23/07/2020;542
841;D;23/07/2020;292
842;E;23/07/2020;386
843;F;23/07/2020;668
844;G;23/07/2020;1029
845;H;23/07/2020;375
846;I;23/07/2020;452
847;J;23/07/2020;2282
848;K;23/07/2020;1131
849;M;23/07/2020;488
850;N;23/07/2020;793
851;O;23/07/2020;700
852;A;24/07/2020;991
853;B;24/07/2020;474
854;C;24/07/2020;654
855;D;24/07/2020;188
856;E;24/07/2020;325
857;F;24/07/2020;391
858;G;24/07/2020;859
859;H;24/07/2020;296
860;I;24/07/2020;390
861;J;24/07/2020;1953
862;K;24/07/2020;908
863;L;24/07/2020;245
864;M;24/07/2020;467
865;N;24/07/2020;661
866;O;24/07/2020;702
867;A;27/07/2020;973
868;B;27/07/2020;458
869;C;27/07/2020;623
870;D;27/07/2020;280
871;E;27/07/2020;360
872;F;27/07/2020;216
873;G;27/07/2020;936
874;H;27/07/2020;369
875;I;27/07/2020;368
876;J;27/07/2020;1827
877;K;27/07/2020;915
878;L;27/07/2020;147
879;M;27/07/2020;543
880;N;27/07/2020;595
881;O;27/07/2020;976
882;A;28/07/2020;1107
883;B;28/07/2020;460
884;C;28/07/2020;583
885;D;28/07/2020;261
886;E;28/07/2020;381
887;F;28/07/2020;298
888;G;28/07/2020;961
889;H;28/07/2020;369
890;I;28/07/2020;427
891;J;28/07/2020;1902
892;K;28/07/2020;1286
893;L;28/07/2020;12
894;M;28/07/2020;714
895;N;28/07/2020;385
896;O;28/07/2020;557
897;A;29/07/2020;1309
898;B;29/07/2020;578
899;C;29/07/2020;604
900;D;29/07/2020;260
901;E;29/07/2020;429
902;F;29/07/2020;286
903;G;29/07/2020;915
904;H;29/07/2020;359
905;I;29/07/2020;457
906;J;29/07/2020;1791
907;K;29/07/2020;993
908;L;29/07/2020;2
909;M;29/07/2020;686
910;N;29/07/2020;324
911;O;29/07/2020;475
912;A;30/07/2020;934
913;B;30/07/2020;425
914;C;30/07/2020;657
915;D;30/07/2020;241
916;E;30/07/2020;340
917;F;30/07/2020;305
918;G;30/07/2020;886
919;H;30/07/2020;345
920;I;30/07/2020;472
921;J;30/07/2020;1702
922;K;30/07/2020;958
923;L;30/07/2020;443
924;M;30/07/2020;556
925;N;30/07/2020;312
926;O;30/07/2020;495
927;A;31/07/2020;893
928;B;31/07/2020;479
929;C;31/07/2020;620
930;D;31/07/2020;195
931;E;31/07/2020;303
932;F;31/07/2020;365
933;G;31/07/2020;865
934;H;31/07/2020;293
935;I;31/07/2020;326
936;J;31/07/2020;1285
937;K;31/07/2020;973
938;M;31/07/2020;437
939;N;31/07/2020;307
940;O;31/07/2020;552
941;N;01/08/2020;1
942;A;03/08/2020;1157
943;B;03/08/2020;511
944;C;03/08/2020;479
945;D;03/08/2020;335
946;E;03/08/2020;363
947;F;03/08/2020;326
948;G;03/08/2020;928
949;H;03/08/2020;369
950;I;03/08/2020;488
951;J;03/08/2020;2318
952;K;03/08/2020;1
953;L;03/08/2020;222
954;M;03/08/2020;505
955;N;03/08/2020;321
956;O;03/08/2020;876
957;A;04/08/2020;1030
958;B;04/08/2020;523
959;C;04/08/2020;519
960;D;04/08/2020;320
961;E;04/08/2020;362
962;F;04/08/2020;261
963;G;04/08/2020;1047
964;H;04/08/2020;417
965;I;04/08/2020;399
966;J;04/08/2020;1593
967;K;04/08/2020;1266
968;L;04/08/2020;2501
969;M;04/08/2020;545
970;N;04/08/2020;272
971;O;04/08/2020;295
972;A;05/08/2020;1269
973;B;05/08/2020;619
974;C;05/08/2020;467
975;D;05/08/2020;311
976;E;05/08/2020;342
977;F;05/08/2020;355
978;G;05/08/2020;1053
979;H;05/08/2020;392
980;I;05/08/2020;426
981;J;05/08/2020;1773
982;K;05/08/2020;2
983;M;05/08/2020;566
984;N;05/08/2020;237
985;A;06/08/2020;1141
986;B;06/08/2020;562
987;C;06/08/2020;547
988;D;06/08/2020;329
989;E;06/08/2020;361
990;F;06/08/2020;446
991;G;06/08/2020;1083
992;H;06/08/2020;414
993;I;06/08/2020;406
994;J;06/08/2020;1866
995;K;06/08/2020;1105
996;L;06/08/2020;136
997;M;06/08/2020;393
998;N;06/08/2020;215
999;O;06/08/2020;1279
1000;A;07/08/2020;1018
1001;B;07/08/2020;484
1002;C;07/08/2020;682
1003;D;07/08/2020;286
1004;E;07/08/2020;292
1005;F;07/08/2020;441
1006;G;07/08/2020;957
1007;H;07/08/2020;389
1008;I;07/08/2020;499
1009;J;07/08/2020;1982
1010;K;07/08/2020;14
1011;M;07/08/2020;456
1012;N;07/08/2020;217
1013;O;07/08/2020;518
1014;A;10/08/2020;1214
1015;B;10/08/2020;579
1016;C;10/08/2020;540
1017;D;10/08/2020;278
1018;E;10/08/2020;286
1019;F;10/08/2020;257
1020;G;10/08/2020;997
1021;H;10/08/2020;411
1022;I;10/08/2020;409
1023;J;10/08/2020;1686
1024;K;10/08/2020;1129
1025;L;10/08/2020;1273
1026;M;10/08/2020;524
1027;N;10/08/2020;231
1028;O;10/08/2020;864
1029;A;11/08/2020;1103
1030;B;11/08/2020;517
1031;C;11/08/2020;658
1032;D;11/08/2020;325
1033;E;11/08/2020;421
1034;F;11/08/2020;295
1035;G;11/08/2020;968
1036;H;11/08/2020;369
1037;I;11/08/2020;398
1038;J;11/08/2020;1698
1039;K;11/08/2020;1364
1040;L;11/08/2020;243
1041;M;11/08/2020;510
1042;N;11/08/2020;401
1043;O;11/08/2020;629
1044;A;12/08/2020;1141
1045;B;12/08/2020;529
1046;C;12/08/2020;632
1047;D;12/08/2020;309
1048;E;12/08/2020;390
1049;F;12/08/2020;267
1050;G;12/08/2020;1080
1051;H;12/08/2020;412
1052;I;12/08/2020;421
1053;J;12/08/2020;1877
1054;K;12/08/2020;1015
1055;M;12/08/2020;479
1056;N;12/08/2020;431
1057;O;12/08/2020;512
1058;A;13/08/2020;856
1059;B;13/08/2020;424
1060;C;13/08/2020;636
1061;D;13/08/2020;284
1062;E;13/08/2020;353
1063;F;13/08/2020;313
1064;G;13/08/2020;1035
1065;H;13/08/2020;382
1066;I;13/08/2020;435
1067;J;13/08/2020;1603
1068;K;13/08/2020;1068
1069;M;13/08/2020;539
1070;N;13/08/2020;350
1071;O;13/08/2020;467
1072;A;14/08/2020;894
1073;B;14/08/2020;563
1074;C;14/08/2020;741
1075;D;14/08/2020;347
1076;E;14/08/2020;333
1077;F;14/08/2020;443
1078;G;14/08/2020;889
1079;H;14/08/2020;354
1080;I;14/08/2020;479
1081;J;14/08/2020;1900
1082;K;14/08/2020;1095
1083;L;14/08/2020;1142
1084;M;14/08/2020;483
1085;N;14/08/2020;354
1086;O;14/08/2020;476
1087;A;17/08/2020;1160
1088;B;17/08/2020;472
1089;C;17/08/2020;741
1090;D;17/08/2020;148
1091;E;17/08/2020;332
1092;F;17/08/2020;433
1093;G;17/08/2020;834
1094;H;17/08/2020;339
1095;I;17/08/2020;414
1096;J;17/08/2020;1991
1097;K;17/08/2020;954
1098;L;17/08/2020;12
1099;M;17/08/2020;593
1100;N;17/08/2020;296
1101;O;17/08/2020;738
1102;A;18/08/2020;1052
1103;B;18/08/2020;502
1104;C;18/08/2020;645
1105;D;18/08/2020;375
1106;E;18/08/2020;369
1107;F;18/08/2020;303
1108;G;18/08/2020;891
1109;H;18/08/2020;342
1110;I;18/08/2020;312
1111;J;18/08/2020;1722
1112;K;18/08/2020;1290
1113;L;18/08/2020;113
1114;M;18/08/2020;460
1115;N;18/08/2020;286
1116;O;18/08/2020;438
1117;A;19/08/2020;1542
1118;B;19/08/2020;720
1119;C;19/08/2020;552
1120;D;19/08/2020;289
1121;E;19/08/2020;357
1122;F;19/08/2020;321
1123;G;19/08/2020;888
1124;H;19/08/2020;383
1125;I;19/08/2020;279
1126;J;19/08/2020;1469
1127;K;19/08/2020;963
1128;L;19/08/2020;215
1129;M;19/08/2020;523
1130;N;19/08/2020;291
1131;O;19/08/2020;436
1132;A;20/08/2020;1080
1133;B;20/08/2020;550
1134;C;20/08/2020;430
1135;D;20/08/2020;291
1136;E;20/08/2020;351
1137;F;20/08/2020;23
1138;G;20/08/2020;895
1139;H;20/08/2020;366
1140;I;20/08/2020;350
1141;J;20/08/2020;832
1142;K;20/08/2020;1680
1143;M;20/08/2020;522
1144;N;20/08/2020;295
1145;O;20/08/2020;419
1146;A;21/08/2020;931
1147;B;21/08/2020;473
1148;C;21/08/2020;463
1149;D;21/08/2020;247
1150;E;21/08/2020;321
1151;F;21/08/2020;5
1152;G;21/08/2020;807
1153;H;21/08/2020;336
1154;I;21/08/2020;407
1155;J;21/08/2020;1507
1156;K;21/08/2020;1015
1157;L;21/08/2020;1
1158;M;21/08/2020;505
1159;N;21/08/2020;295
1160;O;21/08/2020;385
1161;A;24/08/2020;1082
1162;B;24/08/2020;538
1163;C;24/08/2020;361
1164;D;24/08/2020;317
1165;E;24/08/2020;339
1166;F;24/08/2020;778
1167;G;24/08/2020;754
1168;H;24/08/2020;315
1169;I;24/08/2020;395
1170;J;24/08/2020;1349
1171;K;24/08/2020;1018
1172;L;24/08/2020;123
1173;M;24/08/2020;621
1174;N;24/08/2020;246
1175;O;24/08/2020;431
1176;A;25/08/2020;1033
1177;B;25/08/2020;497
1178;C;25/08/2020;659
1179;D;25/08/2020;342
1180;E;25/08/2020;407
1181;F;25/08/2020;241
1182;G;25/08/2020;966
1183;H;25/08/2020;420
1184;I;25/08/2020;439
1185;J;25/08/2020;1305
1186;K;25/08/2020;1034
1187;L;25/08/2020;91
1188;M;25/08/2020;784
1189;N;25/08/2020;322
1190;O;25/08/2020;504
1191;A;26/08/2020;1379
1192;B;26/08/2020;687
1193;C;26/08/2020;621
1194;D;26/08/2020;262
1195;E;26/08/2020;443
1196;F;26/08/2020;263
1197;G;26/08/2020;821
1198;H;26/08/2020;337
1199;I;26/08/2020;338
1200;J;26/08/2020;1476
1201;K;26/08/2020;924
1202;L;26/08/2020;6
1203;M;26/08/2020;376
1204;N;26/08/2020;245
1205;O;26/08/2020;311
1206;A;27/08/2020;954
1207;B;27/08/2020;553
1208;C;27/08/2020;573
1209;D;27/08/2020;263
1210;E;27/08/2020;389
1211;F;27/08/2020;341
1212;G;27/08/2020;864
1213;H;27/08/2020;370
1214;I;27/08/2020;385
1215;J;27/08/2020;1338
1216;K;27/08/2020;1109
1217;L;27/08/2020;11
1218;M;27/08/2020;493
1219;N;27/08/2020;294
1220;O;27/08/2020;232
1221;A;28/08/2020;868
1222;B;28/08/2020;474
1223;C;28/08/2020;475
1224;D;28/08/2020;242
1225;E;28/08/2020;390
1226;F;28/08/2020;231
1227;G;28/08/2020;752
1228;H;28/08/2020;310
1229;I;28/08/2020;397
1230;J;28/08/2020;1478
1231;K;28/08/2020;927
1232;M;28/08/2020;453
1233;N;28/08/2020;247
1234;O;28/08/2020;240
1235;A;31/08/2020;645
1236;B;31/08/2020;361
1237;C;31/08/2020;466
1238;D;31/08/2020;298
1239;E;31/08/2020;368
1240;F;31/08/2020;318
1241;G;31/08/2020;718
1242;H;31/08/2020;284
1243;I;31/08/2020;329
1244;J;31/08/2020;1128
1245;K;31/08/2020;1074
1246;L;31/08/2020;453
1247;M;31/08/2020;477
1248;N;31/08/2020;226
1249;O;31/08/2020;411
1250;A;01/09/2020;1080
1251;B;01/09/2020;600
1252;C;01/09/2020;545
1253;D;01/09/2020;315
1254;E;01/09/2020;403
1255;F;01/09/2020;335
1256;G;01/09/2020;833
1257;H;01/09/2020;361
1258;I;01/09/2020;544
1259;J;01/09/2020;1132
1260;K;01/09/2020;1430
1261;L;01/09/2020;158
1262;M;01/09/2020;569
1263;N;01/09/2020;281
1264;O;01/09/2020;201
1265;A;02/09/2020;934
1266;B;02/09/2020;502
1267;C;02/09/2020;563
1268;D;02/09/2020;339
1269;E;02/09/2020;436
1270;F;02/09/2020;354
1271;G;02/09/2020;717
1272;H;02/09/2020;325
1273;I;02/09/2020;363
1274;J;02/09/2020;1252
1275;K;02/09/2020;1960
1276;L;02/09/2020;14
1277;M;02/09/2020;531
1278;N;02/09/2020;290
1279;O;02/09/2020;20
1280;A;03/09/2020;823
1281;B;03/09/2020;569
1282;C;03/09/2020;509
1283;D;03/09/2020;339
1284;E;03/09/2020;345
1285;F;03/09/2020;339
1286;G;03/09/2020;544
1287;H;03/09/2020;269
1288;I;03/09/2020;369
1289;J;03/09/2020;1155
1290;K;03/09/2020;1288
1291;L;03/09/2020;2570
1292;M;03/09/2020;421
1293;N;03/09/2020;260
1294;O;03/09/2020;20
1295;A;04/09/2020;812
1296;B;04/09/2020;458
1297;C;04/09/2020;489
1298;D;04/09/2020;267
1299;E;04/09/2020;329
1300;F;04/09/2020;302
1301;G;04/09/2020;759
1302;H;04/09/2020;306
1303;I;04/09/2020;296
1304;J;04/09/2020;1027
1305;K;04/09/2020;1188
1306;L;04/09/2020;63
1307;M;04/09/2020;497
1308;N;04/09/2020;311
1309;O;04/09/2020;9
1310;D;07/09/2020;12
1311;F;07/09/2020;266
1312;I;07/09/2020;9
1313;L;07/09/2020;63
1314;M;07/09/2020;1
1315;N;07/09/2020;1
1316;A;08/09/2020;895
1317;B;08/09/2020;539
1318;C;08/09/2020;221
1319;D;08/09/2020;291
1320;E;08/09/2020;308
1321;F;08/09/2020;1
1322;G;08/09/2020;751
1323;H;08/09/2020;337
1324;I;08/09/2020;198
1325;J;08/09/2020;930
1326;K;08/09/2020;1227
1327;L;08/09/2020;111
1328;M;08/09/2020;430
1329;N;08/09/2020;233
1330;O;08/09/2020;14
1331;A;09/09/2020;862
1332;B;09/09/2020;544
1333;C;09/09/2020;370
1334;D;09/09/2020;388
1335;E;09/09/2020;342
1336;F;09/09/2020;283
1337;G;09/09/2020;830
1338;H;09/09/2020;360
1339;I;09/09/2020;469
1340;J;09/09/2020;1304
1341;K;09/09/2020;1870
1342;L;09/09/2020;1373
1343;M;09/09/2020;403
1344;N;09/09/2020;302
1345;O;09/09/2020;4
1346;A;10/09/2020;722
1347;B;10/09/2020;508
1348;C;10/09/2020;466
1349;D;10/09/2020;388
1350;E;10/09/2020;362
1351;F;10/09/2020;210
1352;G;10/09/2020;734
1353;H;10/09/2020;343
1354;I;10/09/2020;282
1355;J;10/09/2020;1156
1356;K;10/09/2020;1132
1357;M;10/09/2020;425
1358;N;10/09/2020;324
1359;O;10/09/2020;2
1360;A;11/09/2020;912
1361;B;11/09/2020;552
1362;C;11/09/2020;472
1363;D;11/09/2020;331
1364;E;11/09/2020;343
1365;F;11/09/2020;253
1366;G;11/09/2020;776
1367;H;11/09/2020;314
1368;I;11/09/2020;487
1369;J;11/09/2020;1302
1370;K;11/09/2020;1449
1371;M;11/09/2020;476
1372;N;11/09/2020;225
1373;A;14/09/2020;814
1374;B;14/09/2020;534
1375;C;14/09/2020;553
1376;D;14/09/2020;330
1377;E;14/09/2020;369
1378;F;14/09/2020;255
1379;G;14/09/2020;883
1380;H;14/09/2020;364
1381;I;14/09/2020;360
1382;J;14/09/2020;1004
1383;K;14/09/2020;1388
1384;L;14/09/2020;900
1385;M;14/09/2020;657
1386;N;14/09/2020;240
1387;A;15/09/2020;885
1388;B;15/09/2020;561
1389;C;15/09/2020;612
1390;D;15/09/2020;270
1391;E;15/09/2020;373
1392;F;15/09/2020;208
1393;G;15/09/2020;787
1394;H;15/09/2020;358
1395;I;15/09/2020;490
1396;J;15/09/2020;1198
1397;K;15/09/2020;1668
1398;L;15/09/2020;260
1399;M;15/09/2020;419
1400;N;15/09/2020;225
1401;A;16/09/2020;849
1402;B;16/09/2020;570
1403;C;16/09/2020;395
1404;D;16/09/2020;342
1405;E;16/09/2020;356
1406;F;16/09/2020;291
1407;G;16/09/2020;852
1408;H;16/09/2020;386
1409;I;16/09/2020;384
1410;J;16/09/2020;1277
1411;K;16/09/2020;1195
1412;L;16/09/2020;5
1413;M;16/09/2020;428
1414;N;16/09/2020;249
1415;A;17/09/2020;775
1416;B;17/09/2020;481
1417;C;17/09/2020;523
1418;D;17/09/2020;266
1419;E;17/09/2020;395
1420;F;17/09/2020;374
1421;G;17/09/2020;779
1422;H;17/09/2020;322
1423;I;17/09/2020;504
1424;J;17/09/2020;1386
1425;K;17/09/2020;1378
1426;M;17/09/2020;429
1427;N;17/09/2020;334
1428;A;18/09/2020;774
1429;B;18/09/2020;577
1430;C;18/09/2020;702
1431;D;18/09/2020;307
1432;E;18/09/2020;347
1433;F;18/09/2020;242
1434;G;18/09/2020;730
1435;H;18/09/2020;341
1436;I;18/09/2020;469
1437;J;18/09/2020;1146
1438;K;18/09/2020;1327
1439;L;18/09/2020;108
1440;M;18/09/2020;418
1441;N;18/09/2020;255
1442;A;21/09/2020;738
1443;B;21/09/2020;527
1444;C;21/09/2020;564
1445;D;21/09/2020;290
1446;E;21/09/2020;296
1447;F;21/09/2020;229
1448;G;21/09/2020;728
1449;H;21/09/2020;317
1450;I;21/09/2020;375
1451;J;21/09/2020;1124
1452;K;21/09/2020;1476
1453;L;21/09/2020;219
1454;M;21/09/2020;528
1455;N;21/09/2020;273
1456;A;22/09/2020;832
1457;B;22/09/2020;549
1458;C;22/09/2020;429
1459;D;22/09/2020;302
1460;E;22/09/2020;365
1461;F;22/09/2020;257
1462;G;22/09/2020;842
1463;H;22/09/2020;359
1464;I;22/09/2020;493
1465;J;22/09/2020;1337
1466;K;22/09/2020;1535
1467;L;22/09/2020;17
1468;M;22/09/2020;527
1469;N;22/09/2020;258
1470;A;23/09/2020;776
1471;B;23/09/2020;531
1472;C;23/09/2020;402
1473;D;23/09/2020;411
1474;E;23/09/2020;383
1475;F;23/09/2020;273
1476;G;23/09/2020;763
1477;H;23/09/2020;456
1478;I;23/09/2020;515
1479;J;23/09/2020;1585
1480;K;23/09/2020;1326
1481;M;23/09/2020;507
1482;N;23/09/2020;324
1483;A;24/09/2020;790
1484;B;24/09/2020;569
1485;C;24/09/2020;474
1486;D;24/09/2020;376
1487;E;24/09/2020;360
1488;F;24/09/2020;339
1489;G;24/09/2020;678
1490;H;24/09/2020;367
1491;I;24/09/2020;427
1492;J;24/09/2020;1487
1493;K;24/09/2020;1205
1494;L;24/09/2020;192
1495;M;24/09/2020;403
1496;N;24/09/2020;320
1497;A;25/09/2020;608
1498;B;25/09/2020;524
1499;C;25/09/2020;613
1500;D;25/09/2020;297
1501;E;25/09/2020;266
1502;F;25/09/2020;248
1503;G;25/09/2020;679
1504;H;25/09/2020;344
1505;I;25/09/2020;450
1506;J;25/09/2020;1606
1507;K;25/09/2020;1183
1508;L;25/09/2020;6
1509;M;25/09/2020;364
1510;N;25/09/2020;312
1511;A;28/09/2020;643
1512;B;28/09/2020;543
1513;C;28/09/2020;643
1514;D;28/09/2020;242
1515;E;28/09/2020;257
1516;F;28/09/2020;224
1517;G;28/09/2020;692
1518;H;28/09/2020;305
1519;I;28/09/2020;413
1520;J;28/09/2020;1640
1521;K;28/09/2020;1231
1522;L;28/09/2020;15
1523;M;28/09/2020;449
1524;N;28/09/2020;405
1525;A;29/09/2020;603
1526;B;29/09/2020;480
1527;C;29/09/2020;613
1528;D;29/09/2020;292
1529;E;29/09/2020;274
1530;F;29/09/2020;301
1531;G;29/09/2020;649
1532;H;29/09/2020;290
1533;I;29/09/2020;493
1534;J;29/09/2020;2125
1535;K;29/09/2020;1418
1536;L;29/09/2020;468
1537;M;29/09/2020;425
1538;N;29/09/2020;353
1539;A;30/09/2020;698
1540;B;30/09/2020;536
1541;C;30/09/2020;703
1542;D;30/09/2020;326
1543;E;30/09/2020;337
1544;F;30/09/2020;366
1545;G;30/09/2020;683
1546;H;30/09/2020;335
1547;I;30/09/2020;672
1548;J;30/09/2020;1537
1549;K;30/09/2020;1111
1550;M;30/09/2020;430
1551;N;30/09/2020;386
1552;A;01/10/2020;652
1553;B;01/10/2020;536
1554;C;01/10/2020;391
1555;D;01/10/2020;316
1556;E;01/10/2020;323
1557;F;01/10/2020;416
1558;G;01/10/2020;698
1559;H;01/10/2020;335
1560;I;01/10/2020;452
1561;J;01/10/2020;1585
1562;K;01/10/2020;1625
1563;L;01/10/2020;51
1564;M;01/10/2020;399
1565;N;01/10/2020;346
1566;A;02/10/2020;471
1567;B;02/10/2020;376
1568;C;02/10/2020;968
1569;D;02/10/2020;302
1570;E;02/10/2020;305
1571;F;02/10/2020;315
1572;G;02/10/2020;693
1573;H;02/10/2020;304
1574;I;02/10/2020;781
1575;J;02/10/2020;2099
1576;K;02/10/2020;1969
1577;L;02/10/2020;158
1578;M;02/10/2020;392
1579;N;02/10/2020;308
1580;A;03/10/2020;3
1581;B;03/10/2020;1
1582;A;05/10/2020;508
1583;B;05/10/2020;547
1584;C;05/10/2020;1075
1585;D;05/10/2020;376
1586;E;05/10/2020;335
1587;F;05/10/2020;279
1588;G;05/10/2020;741
1589;H;05/10/2020;333
1590;I;05/10/2020;492
1591;J;05/10/2020;1725
1592;K;05/10/2020;1370
1593;L;05/10/2020;2250
1594;M;05/10/2020;373
1595;N;05/10/2020;314
1596;A;06/10/2020;852
1597;B;06/10/2020;604
1598;C;06/10/2020;849
1599;D;06/10/2020;336
1600;E;06/10/2020;403
1601;F;06/10/2020;180
1602;G;06/10/2020;902
1603;H;06/10/2020;754
1604;I;06/10/2020;574
1605;J;06/10/2020;1958
1606;K;06/10/2020;1165
1607;M;06/10/2020;454
1608;N;06/10/2020;324
1609;A;07/10/2020;649
1610;B;07/10/2020;542
1611;C;07/10/2020;1016
1612;D;07/10/2020;360
1613;E;07/10/2020;366
1614;F;07/10/2020;214
1615;G;07/10/2020;835
1616;H;07/10/2020;402
1617;I;07/10/2020;788
1618;J;07/10/2020;2504
1619;K;07/10/2020;1157
1620;L;07/10/2020;106
1621;M;07/10/2020;559
1622;N;07/10/2020;403
1623;A;08/10/2020;745
1624;B;08/10/2020;602
1625;C;08/10/2020;753
1626;D;08/10/2020;351
1627;E;08/10/2020;431
1628;F;08/10/2020;149
1629;G;08/10/2020;811
1630;H;08/10/2020;457
1631;I;08/10/2020;801
1632;J;08/10/2020;2056
1633;K;08/10/2020;1151
1634;L;08/10/2020;1440
1635;M;08/10/2020;425
1636;N;08/10/2020;354
1637;A;09/10/2020;591
1638;B;09/10/2020;511
1639;C;09/10/2020;958
1640;D;09/10/2020;278
1641;E;09/10/2020;352
1642;F;09/10/2020;290
1643;G;09/10/2020;725
1644;H;09/10/2020;330
1645;I;09/10/2020;512
1646;J;09/10/2020;1756
1647;K;09/10/2020;1060
1648;M;09/10/2020;461
1649;N;09/10/2020;346
1650;D;12/10/2020;33
1651;F;12/10/2020;242
1652;I;12/10/2020;18
1653;J;12/10/2020;1
1654;N;12/10/2020;3
1655;A;13/10/2020;725
1656;B;13/10/2020;621
1657;C;13/10/2020;785
1658;D;13/10/2020;298
1659;E;13/10/2020;315
1660;F;13/10/2020;6
1661;G;13/10/2020;753
1662;H;13/10/2020;343
1663;I;13/10/2020;622
1664;J;13/10/2020;1516
1665;K;13/10/2020;1005
1666;M;13/10/2020;430
1667;N;13/10/2020;343
1668;A;14/10/2020;655
1669;B;14/10/2020;530
1670;C;14/10/2020;816
1671;D;14/10/2020;374
1672;E;14/10/2020;378
1673;F;14/10/2020;235
1674;G;14/10/2020;853
1675;H;14/10/2020;357
1676;I;14/10/2020;553
1677;J;14/10/2020;1561
1678;K;14/10/2020;1496
1679;L;14/10/2020;1151
1680;M;14/10/2020;485
1681;N;14/10/2020;430
1682;A;15/10/2020;722
1683;B;15/10/2020;544
1684;C;15/10/2020;630
1685;D;15/10/2020;285
1686;E;15/10/2020;361
1687;F;15/10/2020;203
1688;G;15/10/2020;849
1689;H;15/10/2020;394
1690;I;15/10/2020;471
1691;J;15/10/2020;1589
1692;K;15/10/2020;1099
1693;L;15/10/2020;12
1694;M;15/10/2020;370
1695;N;15/10/2020;357
1696;A;16/10/2020;673
1697;B;16/10/2020;580
1698;C;16/10/2020;757
1699;D;16/10/2020;304
1700;E;16/10/2020;332
1701;F;16/10/2020;461
1702;G;16/10/2020;813
1703;H;16/10/2020;421
1704;I;16/10/2020;485
1705;J;16/10/2020;1699
1706;K;16/10/2020;1109
1707;L;16/10/2020;5
1708;M;16/10/2020;386
1709;N;16/10/2020;383
1710;A;19/10/2020;622
1711;B;19/10/2020;573
1712;C;19/10/2020;623
1713;D;19/10/2020;334
1714;E;19/10/2020;362
1715;F;19/10/2020;406
1716;G;19/10/2020;872
1717;H;19/10/2020;365
1718;I;19/10/2020;525
1719;J;19/10/2020;1572
1720;K;19/10/2020;8974
1721;L;19/10/2020;301
1722;M;19/10/2020;383
1723;N;19/10/2020;320
1724;A;20/10/2020;726
1725;B;20/10/2020;631
1726;C;20/10/2020;566
1727;D;20/10/2020;345
1728;E;20/10/2020;401
1729;F;20/10/2020;285
1730;G;20/10/2020;797
1731;H;20/10/2020;389
1732;I;20/10/2020;540
1733;J;20/10/2020;1356
1734;K;20/10/2020;1457
1735;L;20/10/2020;25
1736;M;20/10/2020;458
1737;N;20/10/2020;376
1738;A;21/10/2020;663
1739;B;21/10/2020;595
1740;C;21/10/2020;704
1741;D;21/10/2020;327
1742;E;21/10/2020;414
1743;F;21/10/2020;273
1744;G;21/10/2020;819
1745;H;21/10/2020;348
1746;I;21/10/2020;599
1747;J;21/10/2020;1608
1748;K;21/10/2020;1090
1749;L;21/10/2020;1
1750;M;21/10/2020;645
1751;N;21/10/2020;382
1752;A;22/10/2020;650
1753;B;22/10/2020;581
1754;C;22/10/2020;604
1755;D;22/10/2020;324
1756;E;22/10/2020;456
1757;F;22/10/2020;407
1758;G;22/10/2020;810
1759;H;22/10/2020;396
1760;I;22/10/2020;652
1761;J;22/10/2020;1718
1762;K;22/10/2020;1203
1763;L;22/10/2020;17
1764;M;22/10/2020;554
1765;N;22/10/2020;277
1766;A;23/10/2020;575
1767;B;23/10/2020;436
1768;C;23/10/2020;635
1769;D;23/10/2020;306
1770;E;23/10/2020;379
1771;F;23/10/2020;245
1772;G;23/10/2020;744
1773;H;23/10/2020;342
1774;I;23/10/2020;534
1775;J;23/10/2020;1581
1776;K;23/10/2020;1041
1777;M;23/10/2020;532
1778;N;23/10/2020;356
1779;A;26/10/2020;612
1780;B;26/10/2020;570
1781;C;26/10/2020;630
1782;D;26/10/2020;329
1783;E;26/10/2020;415
1784;F;26/10/2020;236
1785;G;26/10/2020;834
1786;H;26/10/2020;345
1787;I;26/10/2020;390
1788;J;26/10/2020;1367
1789;K;26/10/2020;1105
1790;L;26/10/2020;169
1791;M;26/10/2020;523
1792;N;26/10/2020;322
1793;A;27/10/2020;320
1794;B;27/10/2020;332
1795;C;27/10/2020;606
1796;D;27/10/2020;358
1797;E;27/10/2020;509
1798;F;27/10/2020;274
1799;G;27/10/2020;818
1800;H;27/10/2020;363
1801;I;27/10/2020;597
1802;J;27/10/2020;1497
1803;K;27/10/2020;1255
1804;M;27/10/2020;567
1805;N;27/10/2020;352
1806;A;28/10/2020;609
1807;B;28/10/2020;684
1808;C;28/10/2020;567
1809;D;28/10/2020;368
1810;E;28/10/2020;465
1811;F;28/10/2020;220
1812;G;28/10/2020;830
1813;H;28/10/2020;370
1814;I;28/10/2020;521
1815;J;28/10/2020;1496
1816;K;28/10/2020;999
1817;L;28/10/2020;4
1818;M;28/10/2020;582
1819;N;28/10/2020;290
1820;A;29/10/2020;729
1821;B;29/10/2020;547
1822;C;29/10/2020;563
1823;D;29/10/2020;297
1824;E;29/10/2020;393
1825;F;29/10/2020;320
1826;G;29/10/2020;713
1827;H;29/10/2020;357
1828;I;29/10/2020;484
1829;J;29/10/2020;1609
1830;K;29/10/2020;1164
1831;L;29/10/2020;467
1832;M;29/10/2020;509
1833;N;29/10/2020;314
1834;A;30/10/2020;507
1835;B;30/10/2020;447
1836;C;30/10/2020;560
1837;D;30/10/2020;257
1838;E;30/10/2020;294
1839;F;30/10/2020;286
1840;G;30/10/2020;617
1841;H;30/10/2020;311
1842;I;30/10/2020;571
1843;J;30/10/2020;1253
1844;K;30/10/2020;1151
1845;L;30/10/2020;204
1846;M;30/10/2020;513
1847;N;30/10/2020;255
1848;D;02/11/2020;12
1849;F;02/11/2020;318
1850;L;02/11/2020;208
1851;M;02/11/2020;1
1852;N;02/11/2020;2
1853;A;03/11/2020;684
1854;B;03/11/2020;575
1855;C;03/11/2020;575
1856;D;03/11/2020;331
1857;E;03/11/2020;393
1858;F;03/11/2020;16
1859;G;03/11/2020;694
1860;H;03/11/2020;366
1861;I;03/11/2020;459
1862;J;03/11/2020;1014
1863;K;03/11/2020;1878
1864;L;03/11/2020;15
1865;M;03/11/2020;413
1866;N;03/11/2020;304
1867;A;04/11/2020;612
1868;B;04/11/2020;517
1869;C;04/11/2020;468
1870;D;04/11/2020;395
1871;E;04/11/2020;455
1872;F;04/11/2020;281
1873;G;04/11/2020;755
1874;H;04/11/2020;378
1875;I;04/11/2020;546
1876;J;04/11/2020;1314
1877;K;04/11/2020;2488
1878;L;04/11/2020;2509
1879;M;04/11/2020;641
1880;N;04/11/2020;332
1881;A;05/11/2020;694
1882;B;05/11/2020;590
1883;C;05/11/2020;421
1884;D;05/11/2020;375
1885;E;05/11/2020;469
1886;F;05/11/2020;323
1887;G;05/11/2020;718
1888;H;05/11/2020;394
1889;I;05/11/2020;545
1890;J;05/11/2020;1254
1891;K;05/11/2020;1061
1892;L;05/11/2020;68
1893;M;05/11/2020;693
1894;N;05/11/2020;335
1895;A;06/11/2020;592
1896;B;06/11/2020;598
1897;C;06/11/2020;523
1898;D;06/11/2020;226
1899;E;06/11/2020;454
1900;F;06/11/2020;238
1901;G;06/11/2020;760
1902;H;06/11/2020;385
1903;I;06/11/2020;436
1904;J;06/11/2020;1282
1905;K;06/11/2020;1281
1906;L;06/11/2020;68
1907;M;06/11/2020;653
1908;N;06/11/2020;247
1909;A;09/11/2020;664
1910;B;09/11/2020;622
1911;C;09/11/2020;502
1912;D;09/11/2020;413
1913;E;09/11/2020;438
1914;F;09/11/2020;259
1915;G;09/11/2020;764
1916;H;09/11/2020;408
1917;I;09/11/2020;595
1918;J;09/11/2020;1801
1919;K;09/11/2020;1266
1920;L;09/11/2020;1293
1921;M;09/11/2020;760
1922;N;09/11/2020;468
1923;A;10/11/2020;559
1924;B;10/11/2020;637
1925;C;10/11/2020;599
1926;D;10/11/2020;421
1927;E;10/11/2020;521
1928;F;10/11/2020;274
1929;G;10/11/2020;743
1930;H;10/11/2020;394
1931;I;10/11/2020;571
1932;J;10/11/2020;1462
1933;K;10/11/2020;1603
1934;L;10/11/2020;236
1935;M;10/11/2020;785
1936;N;10/11/2020;351
1937;A;11/11/2020;546
1938;B;11/11/2020;685
1939;C;11/11/2020;419
1940;D;11/11/2020;501
1941;E;11/11/2020;486
1942;F;11/11/2020;277
1943;G;11/11/2020;715
1944;H;11/11/2020;398
1945;I;11/11/2020;466
1946;J;11/11/2020;1109
1947;K;11/11/2020;1284
1948;M;11/11/2020;562
1949;N;11/11/2020;238
1950;A;12/11/2020;711
1951;B;12/11/2020;776
1952;C;12/11/2020;589
1953;D;12/11/2020;373
1954;E;12/11/2020;524
1955;F;12/11/2020;319
1956;G;12/11/2020;792
1957;H;12/11/2020;419
1958;I;12/11/2020;501
1959;J;12/11/2020;1251
1960;K;12/11/2020;1152
1961;M;12/11/2020;593
1962;N;12/11/2020;328
1963;A;13/11/2020;457
1964;B;13/11/2020;565
1965;C;13/11/2020;432
1966;D;13/11/2020;357
1967;E;13/11/2020;457
1968;F;13/11/2020;270
1969;G;13/11/2020;751
1970;H;13/11/2020;383
1971;I;13/11/2020;632
1972;J;13/11/2020;1517
1973;K;13/11/2020;1214
1974;M;13/11/2020;835
1975;N;13/11/2020;408
1976;A;16/11/2020;532
1977;B;16/11/2020;585
1978;C;16/11/2020;638
1979;D;16/11/2020;394
1980;E;16/11/2020;441
1981;F;16/11/2020;333
1982;G;16/11/2020;724
1983;H;16/11/2020;389
1984;I;16/11/2020;663
1985;J;16/11/2020;1343
1986;K;16/11/2020;1079
1987;L;16/11/2020;1174
1988;M;16/11/2020;601
1989;N;16/11/2020;328
1990;A;17/11/2020;553
1991;B;17/11/2020;674
1992;C;17/11/2020;605
1993;D;17/11/2020;363
1994;E;17/11/2020;607
1995;F;17/11/2020;331
1996;G;17/11/2020;796
1997;H;17/11/2020;429
1998;I;17/11/2020;632
1999;J;17/11/2020;1486
2000;K;17/11/2020;1416
2001;L;17/11/2020;6
2002;M;17/11/2020;660
2003;N;17/11/2020;400
2004;A;18/11/2020;523
2005;B;18/11/2020;779
2006;C;18/11/2020;451
2007;D;18/11/2020;367
2008;E;18/11/2020;602
2009;F;18/11/2020;268
2010;G;18/11/2020;814
2011;H;18/11/2020;392
2012;I;18/11/2020;606
2013;J;18/11/2020;1297
2014;K;18/11/2020;1151
2015;L;18/11/2020;108
2016;M;18/11/2020;555
2017;N;18/11/2020;367
2018;A;19/11/2020;510
2019;B;19/11/2020;646
2020;C;19/11/2020;779
2021;D;19/11/2020;332
2022;E;19/11/2020;712
2023;F;19/11/2020;295
2024;G;19/11/2020;788
2025;H;19/11/2020;378
2026;I;19/11/2020;589
2027;J;19/11/2020;1226
2028;K;19/11/2020;1271
2029;L;19/11/2020;218
2030;M;19/11/2020;592
2031;N;19/11/2020;315
2032;A;20/11/2020;453
2033;B;20/11/2020;564
2034;C;20/11/2020;489
2035;D;20/11/2020;279
2036;E;20/11/2020;427
2037;F;20/11/2020;269
2038;G;20/11/2020;578
2039;H;20/11/2020;287
2040;I;20/11/2020;553
2041;J;20/11/2020;1262
2042;K;20/11/2020;1168
2043;M;20/11/2020;474
2044;N;20/11/2020;336
2045;A;23/11/2020;28
2046;B;23/11/2020;596
2047;C;23/11/2020;444
2048;D;23/11/2020;347
2049;E;23/11/2020;594
2050;F;23/11/2020;160
2051;G;23/11/2020;718
2052;H;23/11/2020;357
2053;I;23/11/2020;558
2054;J;23/11/2020;1319
2055;K;23/11/2020;970
2056;L;23/11/2020;18
2057;M;23/11/2020;502
2058;N;23/11/2020;290
2059;A;24/11/2020;775
2060;B;24/11/2020;683
2061;C;24/11/2020;609
2062;D;24/11/2020;343
2063;E;24/11/2020;761
2064;F;24/11/2020;255
2065;G;24/11/2020;732
2066;H;24/11/2020;332
2067;I;24/11/2020;624
2068;J;24/11/2020;1325
2069;K;24/11/2020;986
2070;L;24/11/2020;174
2071;M;24/11/2020;593
2072;N;24/11/2020;391
2073;A;25/11/2020;565
2074;B;25/11/2020;600
2075;C;25/11/2020;466
2076;D;25/11/2020;369
2077;E;25/11/2020;722
2078;F;25/11/2020;216
2079;G;25/11/2020;751
2080;H;25/11/2020;377
2081;I;25/11/2020;630
2082;J;25/11/2020;1388
2083;K;25/11/2020;1503
2084;L;25/11/2020;6
2085;M;25/11/2020;454
2086;N;25/11/2020;427
2087;A;26/11/2020;509
2088;B;26/11/2020;577
2089;C;26/11/2020;550
2090;D;26/11/2020;284
2091;E;26/11/2020;712
2092;F;26/11/2020;344
2093;G;26/11/2020;625
2094;H;26/11/2020;293
2095;I;26/11/2020;624
2096;J;26/11/2020;1391
2097;K;26/11/2020;1412
2098;M;26/11/2020;566
2099;N;26/11/2020;324
2100;A;27/11/2020;413
2101;B;27/11/2020;517
2102;C;27/11/2020;402
2103;D;27/11/2020;274
2104;E;27/11/2020;626
2105;F;27/11/2020;458
2106;G;27/11/2020;629
2107;H;27/11/2020;295
2108;I;27/11/2020;569
2109;J;27/11/2020;1387
2110;K;27/11/2020;1772
2111;M;27/11/2020;451
2112;N;27/11/2020;390
2113;A;30/11/2020;365
2114;B;30/11/2020;579
2115;C;30/11/2020;610
2116;D;30/11/2020;282
2117;E;30/11/2020;639
2118;F;30/11/2020;369
2119;G;30/11/2020;632
2120;H;30/11/2020;301
2121;I;30/11/2020;473
2122;J;30/11/2020;1367
2123;K;30/11/2020;1075
2124;L;30/11/2020;458
2125;M;30/11/2020;477
2126;N;30/11/2020;276
2127;A;01/12/2020;451
2128;B;01/12/2020;582
2129;C;01/12/2020;510
2130;D;01/12/2020;376
2131;E;01/12/2020;802
2132;F;01/12/2020;452
2133;G;01/12/2020;738
2134;H;01/12/2020;360
2135;I;01/12/2020;504
2136;J;01/12/2020;1192
2137;K;01/12/2020;2169
2138;L;01/12/2020;64
2139;M;01/12/2020;610
2140;N;01/12/2020;430
2141;A;02/12/2020;554
2142;B;02/12/2020;723
2143;C;02/12/2020;544
2144;D;02/12/2020;471
2145;E;02/12/2020;839
2146;F;02/12/2020;453
2147;G;02/12/2020;788
2148;H;02/12/2020;359
2149;I;02/12/2020;506
2150;J;02/12/2020;1357
2151;K;02/12/2020;2087
2152;L;02/12/2020;158
2153;M;02/12/2020;747
2154;N;02/12/2020;451
2155;A;03/12/2020;490
2156;B;03/12/2020;637
2157;C;03/12/2020;555
2158;D;03/12/2020;461
2159;E;03/12/2020;571
2160;F;03/12/2020;362
2161;G;03/12/2020;765
2162;H;03/12/2020;354
2163;I;03/12/2020;575
2164;J;03/12/2020;1420
2165;K;03/12/2020;1307
2166;L;03/12/2020;14
2167;M;03/12/2020;684
2168;N;03/12/2020;436
2169;A;04/12/2020;456
2170;B;04/12/2020;569
2171;C;04/12/2020;529
2172;D;04/12/2020;342
2173;E;04/12/2020;523
2174;F;04/12/2020;383
2175;G;04/12/2020;749
2176;H;04/12/2020;342
2177;I;04/12/2020;638
2178;J;04/12/2020;1642
2179;K;04/12/2020;1215
2180;L;04/12/2020;2589
2181;M;04/12/2020;684
2182;N;04/12/2020;455
2183;A;07/12/2020;509
2184;B;07/12/2020;632
2185;C;07/12/2020;364
2186;D;07/12/2020;397
2187;E;07/12/2020;514
2188;F;07/12/2020;289
2189;G;07/12/2020;708
2190;H;07/12/2020;320
2191;I;07/12/2020;566
2192;J;07/12/2020;1383
2193;K;07/12/2020;1167
2194;L;07/12/2020;63
2195;M;07/12/2020;611
2196;N;07/12/2020;359
2197;A;08/12/2020;459
2198;B;08/12/2020;545
2199;C;08/12/2020;412
2200;D;08/12/2020;278
2201;E;08/12/2020;450
2202;F;08/12/2020;268
2203;G;08/12/2020;643
2204;H;08/12/2020;261
2205;I;08/12/2020;466
2206;J;08/12/2020;991
2207;K;08/12/2020;2641
2208;L;08/12/2020;111
2209;M;08/12/2020;644
2210;N;08/12/2020;259
2211;A;09/12/2020;560
2212;B;09/12/2020;698
2213;C;09/12/2020;510
2214;D;09/12/2020;450
2215;E;09/12/2020;501
2216;F;09/12/2020;187
2217;G;09/12/2020;832
2218;H;09/12/2020;381
2219;I;09/12/2020;493
2220;J;09/12/2020;1092
2221;K;09/12/2020;1055
2222;L;09/12/2020;1331
2223;M;09/12/2020;742
2224;N;09/12/2020;310
2225;A;10/12/2020;517
2226;B;10/12/2020;577
2227;C;10/12/2020;415
2228;D;10/12/2020;331
2229;E;10/12/2020;576
2230;F;10/12/2020;272
2231;G;10/12/2020;828
2232;H;10/12/2020;368
2233;I;10/12/2020;553
2234;J;10/12/2020;1322
2235;K;10/12/2020;1205
2236;M;10/12/2020;636
2237;N;10/12/2020;435
2238;A;11/12/2020;510
2239;B;11/12/2020;700
2240;C;11/12/2020;439
2241;D;11/12/2020;397
2242;E;11/12/2020;491
2243;F;11/12/2020;199
2244;G;11/12/2020;823
2245;H;11/12/2020;363
2246;I;11/12/2020;584
2247;J;11/12/2020;1397
2248;K;11/12/2020;1221
2249;M;11/12/2020;752
2250;N;11/12/2020;422
2251;A;14/12/2020;470
2252;B;14/12/2020;628
2253;C;14/12/2020;477
2254;D;14/12/2020;372
2255;E;14/12/2020;503
2256;F;14/12/2020;359
2257;G;14/12/2020;877
2258;H;14/12/2020;372
2259;I;14/12/2020;360
2260;J;14/12/2020;1199
2261;K;14/12/2020;1290
2262;L;14/12/2020;910
2263;M;14/12/2020;696
2264;N;14/12/2020;416
2265;A;15/12/2020;244
2266;B;15/12/2020;472
2267;C;15/12/2020;545
2268;D;15/12/2020;327
2269;E;15/12/2020;539
2270;F;15/12/2020;173
2271;G;15/12/2020;853
2272;H;15/12/2020;420
2273;I;15/12/2020;606
2274;J;15/12/2020;1525
2275;K;15/12/2020;1703
2276;L;15/12/2020;258
2277;M;15/12/2020;756
2278;N;15/12/2020;470
2279;A;16/12/2020;671
2280;B;16/12/2020;802
2281;C;16/12/2020;425
2282;D;16/12/2020;443
2283;E;16/12/2020;472
2284;F;16/12/2020;278
2285;G;16/12/2020;830
2286;H;16/12/2020;400
2287;I;16/12/2020;513
2288;J;16/12/2020;1304
2289;K;16/12/2020;1077
2290;L;16/12/2020;5
2291;M;16/12/2020;711
2292;N;16/12/2020;540
2293;A;17/12/2020;731
2294;B;17/12/2020;865
2295;C;17/12/2020;503
2296;D;17/12/2020;371
2297;E;17/12/2020;591
2298;F;17/12/2020;381
2299;G;17/12/2020;818
2300;H;17/12/2020;389
2301;I;17/12/2020;463
2302;J;17/12/2020;1337
2303;K;17/12/2020;1202
2304;M;17/12/2020;647
2305;N;17/12/2020;546
2306;A;18/12/2020;291
2307;B;18/12/2020;324
2308;C;18/12/2020;293
2309;D;18/12/2020;349
2310;E;18/12/2020;471
2311;F;18/12/2020;243
2312;G;18/12/2020;707
2313;H;18/12/2020;345
2314;I;18/12/2020;110
2315;J;18/12/2020;1324
2316;K;18/12/2020;1195
2317;L;18/12/2020;108
2318;M;18/12/2020;745
2319;N;18/12/2020;667
2320;A;21/12/2020;485
2321;B;21/12/2020;688
2322;C;21/12/2020;268
2323;D;21/12/2020;381
2324;E;21/12/2020;465
2325;F;21/12/2020;248
2326;G;21/12/2020;729
2327;H;21/12/2020;361
2328;I;21/12/2020;261
2329;J;21/12/2020;1290
2330;K;21/12/2020;1145
2331;L;21/12/2020;17
2332;M;21/12/2020;765
2333;N;21/12/2020;616
2334;A;22/12/2020;475
2335;B;22/12/2020;496
2336;C;22/12/2020;434
2337;D;22/12/2020;337
2338;E;22/12/2020;504
2339;F;22/12/2020;151
2340;G;22/12/2020;600
2341;H;22/12/2020;328
2342;I;22/12/2020;512
2343;J;22/12/2020;1002
2344;K;22/12/2020;1629
2345;M;22/12/2020;651
2346;N;22/12/2020;642
2347;A;23/12/2020;362
2348;B;23/12/2020;383
2349;C;23/12/2020;419
2350;D;23/12/2020;297
2351;E;23/12/2020;426
2352;F;23/12/2020;253
2353;G;23/12/2020;581
2354;H;23/12/2020;296
2355;I;23/12/2020;481
2356;J;23/12/2020;951
2357;K;23/12/2020;1333
2358;L;23/12/2020;114
2359;M;23/12/2020;528
2360;N;23/12/2020;492
2361;A;24/12/2020;107
2362;B;24/12/2020;125
2363;C;24/12/2020;301
2364;D;24/12/2020;97
2365;E;24/12/2020;194
2366;F;24/12/2020;97
2367;G;24/12/2020;269
2368;H;24/12/2020;139
2369;I;24/12/2020;180
2370;J;24/12/2020;768
2371;K;24/12/2020;1136
2372;L;24/12/2020;62
2373;M;24/12/2020;310
2374;N;24/12/2020;338
2375;D;25/12/2020;1
2376;F;25/12/2020;57
2377;G;25/12/2020;1
2378;L;25/12/2020;62
2379;A;28/12/2020;357
2380;B;28/12/2020;361
2381;C;28/12/2020;201
2382;D;28/12/2020;234
2383;E;28/12/2020;418
2384;G;28/12/2020;532
2385;H;28/12/2020;292
2386;I;28/12/2020;226
2387;J;28/12/2020;432
2388;K;28/12/2020;716
2389;L;28/12/2020;5
2390;M;28/12/2020;375
2391;N;28/12/2020;352
2392;A;29/12/2020;261
2393;B;29/12/2020;329
2394;C;29/12/2020;306
2395;D;29/12/2020;334
2396;E;29/12/2020;435
2397;F;29/12/2020;335
2398;G;29/12/2020;501
2399;H;29/12/2020;354
2400;I;29/12/2020;147
2401;J;29/12/2020;734
2402;K;29/12/2020;1569
2403;L;29/12/2020;480
2404;M;29/12/2020;347
2405;N;29/12/2020;346
2406;A;30/12/2020;170
2407;B;30/12/2020;200
2408;C;30/12/2020;416
2409;D;30/12/2020;237
2410;E;30/12/2020;294
2411;F;30/12/2020;193
2412;G;30/12/2020;364
2413;H;30/12/2020;214
2414;I;30/12/2020;234
2415;J;30/12/2020;746
2416;K;30/12/2020;1454
2417;M;30/12/2020;314
2418;N;30/12/2020;222
2419;A;31/12/2020;22
2420;B;31/12/2020;31
2421;C;31/12/2020;315
2422;D;31/12/2020;46
2423;E;31/12/2020;63
2424;F;31/12/2020;139
2425;G;31/12/2020;84
2426;H;31/12/2020;53
2427;I;31/12/2020;102
2428;J;31/12/2020;304
2429;K;31/12/2020;1716
2430;L;31/12/2020;52
2431;M;31/12/2020;127
2432;N;31/12/2020;77
2433;A;01/01/2021;1
2434;D;01/01/2021;9
2435;F;01/01/2021;17
2436;L;01/01/2021;52
2437;A;04/01/2021;172
2438;B;04/01/2021;288
2439;C;04/01/2021;96
2440;D;04/01/2021;999
2441;E;04/01/2021;624
2442;F;04/01/2021;19
2443;G;04/01/2021;429
2444;H;04/01/2021;283
2445;I;04/01/2021;83
2446;J;04/01/2021;216
2447;K;04/01/2021;1621
2448;L;04/01/2021;2507
2449;M;04/01/2021;277
2450;N;04/01/2021;223
2451;A;05/01/2021;314
2452;B;05/01/2021;465
2453;C;05/01/2021;203
2454;D;05/01/2021;764
2455;E;05/01/2021;749
2456;F;05/01/2021;220
2457;G;05/01/2021;557
2458;H;05/01/2021;324
2459;I;05/01/2021;93
2460;J;05/01/2021;403
2461;K;05/01/2021;3294
2462;L;05/01/2021;286
2463;M;05/01/2021;395
2464;N;05/01/2021;264
2465;A;06/01/2021;425
2466;B;06/01/2021;438
2467;C;06/01/2021;152
2468;D;06/01/2021;676
2469;E;06/01/2021;753
2470;F;06/01/2021;203
2471;G;06/01/2021;521
2472;H;06/01/2021;247
2473;I;06/01/2021;95
2474;J;06/01/2021;344
2475;K;06/01/2021;1297
2476;L;06/01/2021;153
2477;M;06/01/2021;311
2478;N;06/01/2021;218
2479;A;07/01/2021;428
2480;B;07/01/2021;369
2481;C;07/01/2021;152
2482;D;07/01/2021;676
2483;E;07/01/2021;695
2484;F;07/01/2021;161
2485;G;07/01/2021;408
2486;H;07/01/2021;217
2487;I;07/01/2021;143
2488;J;07/01/2021;352
2489;K;07/01/2021;1161
2490;M;07/01/2021;357
2491;N;07/01/2021;179
2492;A;08/01/2021;324
2493;B;08/01/2021;293
2494;C;08/01/2021;148
2495;D;08/01/2021;489
2496;E;08/01/2021;613
2497;F;08/01/2021;214
2498;G;08/01/2021;327
2499;H;08/01/2021;186
2500;I;08/01/2021;218
2501;J;08/01/2021;549
2502;K;08/01/2021;1156
2503;L;08/01/2021;116
2504;M;08/01/2021;253
2505;N;08/01/2021;186
2506;A;11/01/2021;401
2507;B;11/01/2021;315
2508;C;11/01/2021;188
2509;D;11/01/2021;555
2510;E;11/01/2021;593
2511;F;11/01/2021;186
2512;G;11/01/2021;303
2513;H;11/01/2021;152
2514;I;11/01/2021;294
2515;J;11/01/2021;529
2516;K;11/01/2021;1164
2517;L;11/01/2021;1569
2518;M;11/01/2021;284
2519;N;11/01/2021;155
2520;A;12/01/2021;429
2521;B;12/01/2021;330
2522;C;12/01/2021;244
2523;D;12/01/2021;482
2524;E;12/01/2021;668
2525;F;12/01/2021;246
2526;G;12/01/2021;495
2527;H;12/01/2021;247
2528;I;12/01/2021;313
2529;J;12/01/2021;725
2530;K;12/01/2021;1503
2531;M;12/01/2021;449
2532;N;12/01/2021;193
2533;A;13/01/2021;398
2534;B;13/01/2021;298
2535;C;13/01/2021;262
2536;D;13/01/2021;498
2537;E;13/01/2021;631
2538;F;13/01/2021;238
2539;G;13/01/2021;519
2540;H;13/01/2021;252
2541;I;13/01/2021;288
2542;J;13/01/2021;707
2543;K;13/01/2021;1865
2544;M;13/01/2021;453
2545;N;13/01/2021;265
2546;A;14/01/2021;515
2547;B;14/01/2021;347
2548;C;14/01/2021;253
2549;D;14/01/2021;452
2550;E;14/01/2021;625
2551;F;14/01/2021;310
2552;G;14/01/2021;537
2553;H;14/01/2021;253
2554;I;14/01/2021;337
2555;J;14/01/2021;801
2556;K;14/01/2021;1192
2557;L;14/01/2021;1265
2558;M;14/01/2021;430
2559;N;14/01/2021;311
2560;A;15/01/2021;380
2561;B;15/01/2021;293
2562;C;15/01/2021;294
2563;D;15/01/2021;356
2564;E;15/01/2021;537
2565;F;15/01/2021;170
2566;G;15/01/2021;454
2567;H;15/01/2021;257
2568;I;15/01/2021;310
2569;J;15/01/2021;928
2570;K;15/01/2021;1124
2571;L;15/01/2021;14
2572;M;15/01/2021;426
2573;N;15/01/2021;307
2574;A;18/01/2021;482
2575;B;18/01/2021;315
2576;C;18/01/2021;329
2577;D;18/01/2021;456
2578;E;18/01/2021;679
2579;F;18/01/2021;214
2580;G;18/01/2021;493
2581;H;18/01/2021;256
2582;I;18/01/2021;315
2583;J;18/01/2021;913
2584;K;18/01/2021;1088
2585;L;18/01/2021;113
2586;M;18/01/2021;385
2587;N;18/01/2021;270
2588;A;19/01/2021;532
2589;B;19/01/2021;342
2590;C;19/01/2021;327
2591;D;19/01/2021;571
2592;E;19/01/2021;705
2593;F;19/01/2021;321
2594;G;19/01/2021;518
2595;H;19/01/2021;276
2596;I;19/01/2021;275
2597;J;19/01/2021;995
2598;K;19/01/2021;2118
2599;L;19/01/2021;293
2600;M;19/01/2021;419
2601;N;19/01/2021;276
2602;A;20/01/2021;455
2603;B;20/01/2021;324
2604;C;20/01/2021;414
2605;D;20/01/2021;471
2606;E;20/01/2021;569
2607;F;20/01/2021;239
2608;G;20/01/2021;600
2609;H;20/01/2021;288
2610;I;20/01/2021;340
2611;J;20/01/2021;1018
2612;K;20/01/2021;1097
2613;M;20/01/2021;408
2614;N;20/01/2021;233
2615;A;21/01/2021;484
2616;B;21/01/2021;266
2617;C;21/01/2021;370
2618;D;21/01/2021;614
2619;E;21/01/2021;630
2620;F;21/01/2021;167
2621;G;21/01/2021;624
2622;H;21/01/2021;326
2623;I;21/01/2021;359
2624;J;21/01/2021;1095
2625;K;21/01/2021;1054
2626;L;21/01/2021;1
2627;M;21/01/2021;422
2628;N;21/01/2021;294
2629;A;22/01/2021;534
2630;B;22/01/2021;618
2631;C;22/01/2021;409
2632;D;22/01/2021;412
2633;E;22/01/2021;629
2634;F;22/01/2021;186
2635;G;22/01/2021;656
2636;H;22/01/2021;342
2637;I;22/01/2021;405
2638;J;22/01/2021;1114
2639;K;22/01/2021;1153
2640;L;22/01/2021;18
2641;M;22/01/2021;356
2642;N;22/01/2021;368
2643;G;23/01/2021;1
2644;H;23/01/2021;1
2645;A;25/01/2021;246
2646;B;25/01/2021;139
2647;C;25/01/2021;280
2648;D;25/01/2021;416
2649;E;25/01/2021;563
2650;F;25/01/2021;127
2651;G;25/01/2021;539
2652;H;25/01/2021;346
2653;I;25/01/2021;384
2654;J;25/01/2021;1387
2655;L;25/01/2021;551
2656;M;25/01/2021;289
2657;N;25/01/2021;426
2658;A;26/01/2021;765
2659;B;26/01/2021;582
2660;C;26/01/2021;301
2661;D;26/01/2021;441
2662;E;26/01/2021;670
2663;F;26/01/2021;265
2664;G;26/01/2021;716
2665;H;26/01/2021;370
2666;I;26/01/2021;254
2667;J;26/01/2021;1094
2668;K;26/01/2021;2280
2669;L;26/01/2021;4
2670;M;26/01/2021;397
2671;N;26/01/2021;303
2672;A;27/01/2021;521
2673;B;27/01/2021;284
2674;C;27/01/2021;447
2675;D;27/01/2021;551
2676;E;27/01/2021;635
2677;F;27/01/2021;257
2678;G;27/01/2021;722
2679;H;27/01/2021;395
2680;I;27/01/2021;570
2681;J;27/01/2021;962
2682;K;27/01/2021;1271
2683;L;27/01/2021;1
2684;M;27/01/2021;368
2685;N;27/01/2021;334
2686;A;28/01/2021;505
2687;B;28/01/2021;269
2688;C;28/01/2021;508
2689;D;28/01/2021;562
2690;E;28/01/2021;594
2691;F;28/01/2021;202
2692;G;28/01/2021;577
2693;H;28/01/2021;333
2694;I;28/01/2021;491
2695;J;28/01/2021;1545
2696;K;28/01/2021;2625
2697;M;28/01/2021;416
2698;N;28/01/2021;299
2699;A;29/01/2021;434
2700;B;29/01/2021;238
2701;C;29/01/2021;549
2702;D;29/01/2021;409
2703;E;29/01/2021;459
2704;F;29/01/2021;168
2705;G;29/01/2021;415
2706;H;29/01/2021;266
2707;I;29/01/2021;430
2708;J;29/01/2021;1004
2709;K;29/01/2021;1310
2710;M;29/01/2021;341
2711;N;29/01/2021;370
2712;A;01/02/2021;426
2713;B;01/02/2021;283
2714;C;01/02/2021;388
2715;D;01/02/2021;694
2716;E;01/02/2021;943
2717;F;01/02/2021;200
2718;G;01/02/2021;619
2719;H;01/02/2021;582
2720;I;01/02/2021;386
2721;J;01/02/2021;1237
2722;K;01/02/2021;1602
2723;L;01/02/2021;21
2724;M;01/02/2021;474
2725;N;01/02/2021;389
2726;A;02/02/2021;497
2727;B;02/02/2021;26
2728;C;02/02/2021;490
2729;D;02/02/2021;439
2730;E;02/02/2021;552
2731;F;02/02/2021;271
2732;G;02/02/2021;623
2733;H;02/02/2021;378
2734;I;02/02/2021;324
2735;J;02/02/2021;1243
2736;K;02/02/2021;2433
2737;M;02/02/2021;587
2738;N;02/02/2021;329
2739;A;03/02/2021;562
2740;B;03/02/2021;2
2741;C;03/02/2021;426
2742;D;03/02/2021;465
2743;E;03/02/2021;594
2744;F;03/02/2021;348
2745;G;03/02/2021;677
2746;H;03/02/2021;399
2747;I;03/02/2021;388
2748;J;03/02/2021;1334
2749;K;03/02/2021;2066
2750;L;03/02/2021;14
2751;M;03/02/2021;534
2752;N;03/02/2021;332
2753;A;04/02/2021;522
2754;B;04/02/2021;2
2755;C;04/02/2021;540
2756;D;04/02/2021;437
2757;E;04/02/2021;581
2758;F;04/02/2021;245
2759;G;04/02/2021;664
2760;H;04/02/2021;366
2761;I;04/02/2021;444
2762;J;04/02/2021;1201
2763;K;04/02/2021;1478
2764;L;04/02/2021;2279
2765;M;04/02/2021;463
2766;N;04/02/2021;311
2767;A;05/02/2021;421
2768;B;05/02/2021;21
2769;C;05/02/2021;404
2770;D;05/02/2021;377
2771;E;05/02/2021;549
2772;F;05/02/2021;397
2773;G;05/02/2021;772
2774;H;05/02/2021;399
2775;I;05/02/2021;345
2776;J;05/02/2021;987
2777;K;05/02/2021;1402
2778;M;05/02/2021;407
2779;N;05/02/2021;366
2780;A;08/02/2021;570
2781;B;08/02/2021;118
2782;C;08/02/2021;470
2783;D;08/02/2021;323
2784;E;08/02/2021;551
2785;F;08/02/2021;258
2786;G;08/02/2021;767
2787;H;08/02/2021;414
2788;I;08/02/2021;354
2789;J;08/02/2021;1431
2790;K;08/02/2021;1480
2791;L;08/02/2021;198
2792;M;08/02/2021;478
2793;N;08/02/2021;368
2794;A;09/02/2021;535
2795;B;09/02/2021;94
2796;C;09/02/2021;458
2797;D;09/02/2021;357
2798;E;09/02/2021;638
2799;F;09/02/2021;171
2800;G;09/02/2021;798
2801;H;09/02/2021;459
2802;I;09/02/2021;365
2803;J;09/02/2021;1378
2804;K;09/02/2021;1771
2805;L;09/02/2021;1549
2806;M;09/02/2021;538
2807;N;09/02/2021;361
2808;A;10/02/2021;649
2809;B;10/02/2021;127
2810;C;10/02/2021;489
2811;D;10/02/2021;357
2812;E;10/02/2021;570
2813;F;10/02/2021;196
2814;G;10/02/2021;735
2815;H;10/02/2021;418
2816;I;10/02/2021;403
2817;J;10/02/2021;1175
2818;K;10/02/2021;1255
2819;M;10/02/2021;392
2820;N;10/02/2021;325
2821;A;11/02/2021;613
2822;B;11/02/2021;78
2823;C;11/02/2021;501
2824;D;11/02/2021;368
2825;E;11/02/2021;584
2826;F;11/02/2021;274
2827;G;11/02/2021;810
2828;H;11/02/2021;439
2829;I;11/02/2021;568
2830;J;11/02/2021;1346
2831;K;11/02/2021;1316
2832;M;11/02/2021;460
2833;N;11/02/2021;327
2834;A;12/02/2021;543
2835;B;12/02/2021;93
2836;C;12/02/2021;407
2837;D;12/02/2021;330
2838;E;12/02/2021;605
2839;F;12/02/2021;199
2840;G;12/02/2021;696
2841;H;12/02/2021;454
2842;I;12/02/2021;594
2843;J;12/02/2021;1410
2844;K;12/02/2021;1358
2845;M;12/02/2021;420
2846;N;12/02/2021;393
2847;A;15/02/2021;4
2848;D;15/02/2021;96
2849;F;15/02/2021;481
2850;G;15/02/2021;1
2851;L;15/02/2021;1049
2852;M;15/02/2021;12
2853;N;15/02/2021;2
2854;D;16/02/2021;36
2855;F;16/02/2021;214
2856;L;16/02/2021;268
2857;A;17/02/2021;643
2858;B;17/02/2021;87
2859;C;17/02/2021;424
2860;D;17/02/2021;258
2861;E;17/02/2021;454
2862;F;17/02/2021;243
2863;G;17/02/2021;677
2864;H;17/02/2021;408
2865;I;17/02/2021;434
2866;J;17/02/2021;1268
2867;K;17/02/2021;1384
2868;M;17/02/2021;374
2869;N;17/02/2021;265
2870;A;18/02/2021;596
2871;B;18/02/2021;49
2872;C;18/02/2021;621
2873;D;18/02/2021;368
2874;E;18/02/2021;645
2875;F;18/02/2021;272
2876;G;18/02/2021;788
2877;H;18/02/2021;472
2878;I;18/02/2021;441
2879;J;18/02/2021;2510
2880;K;18/02/2021;2094
2881;L;18/02/2021;108
2882;M;18/02/2021;387
2883;N;18/02/2021;290
2884;A;19/02/2021;601
2885;B;19/02/2021;70
2886;C;19/02/2021;597
2887;D;19/02/2021;318
2888;E;19/02/2021;728
2889;F;19/02/2021;337
2890;G;19/02/2021;744
2891;H;19/02/2021;554
2892;I;19/02/2021;430
2893;J;19/02/2021;1908
2894;K;19/02/2021;1424
2895;L;19/02/2021;321
2896;M;19/02/2021;432
2897;N;19/02/2021;370
2898;A;22/02/2021;578
2899;B;22/02/2021;81
2900;C;22/02/2021;734
2901;D;22/02/2021;327
2902;E;22/02/2021;618
2903;F;22/02/2021;215
2904;G;22/02/2021;818
2905;H;22/02/2021;512
2906;I;22/02/2021;435
2907;J;22/02/2021;1565
2908;K;22/02/2021;1198
2909;L;22/02/2021;231
2910;M;22/02/2021;409
2911;N;22/02/2021;319
2912;A;23/02/2021;688
2913;B;23/02/2021;88
2914;C;23/02/2021;680
2915;D;23/02/2021;395
2916;E;23/02/2021;683
2917;F;23/02/2021;297
2918;G;23/02/2021;865
2919;H;23/02/2021;485
2920;I;23/02/2021;451
2921;J;23/02/2021;1642
2922;K;23/02/2021;1656
2923;L;23/02/2021;6
2924;M;23/02/2021;377
2925;N;23/02/2021;381
2926;A;24/02/2021;553
2927;B;24/02/2021;84
2928;C;24/02/2021;754
2929;D;24/02/2021;384
2930;E;24/02/2021;672
2931;F;24/02/2021;238
2932;G;24/02/2021;829
2933;H;24/02/2021;505
2934;I;24/02/2021;500
2935;J;24/02/2021;1601
2936;K;24/02/2021;1232
2937;M;24/02/2021;311
2938;N;24/02/2021;334
2939;A;25/02/2021;530
2940;B;25/02/2021;66
2941;C;25/02/2021;585
2942;D;25/02/2021;342
2943;E;25/02/2021;715
2944;F;25/02/2021;376
2945;G;25/02/2021;753
2946;H;25/02/2021;463
2947;I;25/02/2021;610
2948;J;25/02/2021;1637
2949;K;25/02/2021;1120
2950;M;25/02/2021;410
2951;N;25/02/2021;320
2952;A;26/02/2021;451
2953;B;26/02/2021;51
2954;C;26/02/2021;622
2955;D;26/02/2021;263
2956;E;26/02/2021;630
2957;F;26/02/2021;323
2958;G;26/02/2021;607
2959;H;26/02/2021;385
2960;I;26/02/2021;460
2961;J;26/02/2021;1410
2962;K;26/02/2021;1124
2963;L;26/02/2021;2
2964;M;26/02/2021;359
2965;N;26/02/2021;339
2966;A;01/03/2021;483
2967;B;01/03/2021;73
2968;C;01/03/2021;714
2969;D;01/03/2021;379
2970;E;01/03/2021;580
2971;F;01/03/2021;408
2972;G;01/03/2021;764
2973;H;01/03/2021;459
2974;I;01/03/2021;387
2975;J;01/03/2021;1333
2976;K;01/03/2021;1583
2977;L;01/03/2021;533
2978;M;01/03/2021;471
2979;N;01/03/2021;320
2980;O;01/03/2021;848
2981;A;02/03/2021;547
2982;B;02/03/2021;96
2983;C;02/03/2021;733
2984;D;02/03/2021;358
2985;E;02/03/2021;667
2986;F;02/03/2021;266
2987;G;02/03/2021;750
2988;H;02/03/2021;488
2989;I;02/03/2021;553
2990;J;02/03/2021;1322
2991;K;02/03/2021;3181
2992;L;02/03/2021;330
2993;M;02/03/2021;524
2994;N;02/03/2021;375
2995;O;02/03/2021;2675
2996;A;03/03/2021;523
2997;B;03/03/2021;79
2998;C;03/03/2021;543
2999;D;03/03/2021;408
3000;E;03/03/2021;594
3001;F;03/03/2021;347
3002;G;03/03/2021;824
3003;H;03/03/2021;449
3004;I;03/03/2021;588
3005;J;03/03/2021;1441
3006;K;03/03/2021;1440
3007;L;03/03/2021;14
3008;M;03/03/2021;530
3009;N;03/03/2021;415
3010;O;03/03/2021;3125
3011;A;04/03/2021;569
3012;B;04/03/2021;109
3013;C;04/03/2021;546
3014;D;04/03/2021;365
3015;E;04/03/2021;647
3016;F;04/03/2021;350
3017;G;04/03/2021;801
3018;H;04/03/2021;446
3019;I;04/03/2021;491
3020;J;04/03/2021;1310
3021;K;04/03/2021;1451
3022;L;04/03/2021;2313
3023;M;04/03/2021;512
3024;N;04/03/2021;469
3025;O;04/03/2021;3236
3026;A;05/03/2021;541
3027;B;05/03/2021;95
3028;C;05/03/2021;574
3029;D;05/03/2021;308
3030;E;05/03/2021;561
3031;F;05/03/2021;325
3032;G;05/03/2021;745
3033;H;05/03/2021;390
3034;I;05/03/2021;453
3035;J;05/03/2021;1375
3036;K;05/03/2021;1325
3037;M;05/03/2021;464
3038;N;05/03/2021;398
3039;O;05/03/2021;3055
3040;A;08/03/2021;451
3041;B;08/03/2021;74
3042;C;08/03/2021;451
3043;D;08/03/2021;285
3044;E;08/03/2021;481
3045;F;08/03/2021;209
3046;G;08/03/2021;699
3047;H;08/03/2021;338
3048;I;08/03/2021;531
3049;J;08/03/2021;1322
3050;K;08/03/2021;1307
3051;L;08/03/2021;192
3052;M;08/03/2021;435
3053;N;08/03/2021;341
3054;O;08/03/2021;4945
3055;A;09/03/2021;572
3056;B;09/03/2021;89
3057;C;09/03/2021;631
3058;D;09/03/2021;330
3059;E;09/03/2021;569
3060;F;09/03/2021;215
3061;G;09/03/2021;812
3062;H;09/03/2021;412
3063;I;09/03/2021;518
3064;J;09/03/2021;1723
3065;K;09/03/2021;1505
3066;L;09/03/2021;1433
3067;M;09/03/2021;377
3068;N;09/03/2021;388
3069;O;09/03/2021;3638
3070;A;10/03/2021;545
3071;B;10/03/2021;104
3072;C;10/03/2021;523
3073;D;10/03/2021;275
3074;E;10/03/2021;580
3075;F;10/03/2021;307
3076;G;10/03/2021;820
3077;H;10/03/2021;389
3078;I;10/03/2021;560
3079;J;10/03/2021;1453
3080;K;10/03/2021;1146
3081;M;10/03/2021;406
3082;N;10/03/2021;392
3083;O;10/03/2021;3362
3084;A;11/03/2021;513
3085;B;11/03/2021;96
3086;C;11/03/2021;589
3087;D;11/03/2021;326
3088;E;11/03/2021;581
3089;F;11/03/2021;336
3090;G;11/03/2021;777
3091;H;11/03/2021;420
3092;I;11/03/2021;545
3093;J;11/03/2021;1470
3094;K;11/03/2021;1301
3095;M;11/03/2021;423
3096;N;11/03/2021;348
3097;O;11/03/2021;2908
3098;A;12/03/2021;461
3099;B;12/03/2021;68
3100;C;12/03/2021;504
3101;D;12/03/2021;290
3102;E;12/03/2021;525
3103;F;12/03/2021;359
3104;G;12/03/2021;729
3105;H;12/03/2021;383
3106;I;12/03/2021;550
3107;J;12/03/2021;1390
3108;K;12/03/2021;1217
3109;M;12/03/2021;370
3110;N;12/03/2021;424
3111;O;12/03/2021;2575
3112;A;15/03/2021;550
3113;B;15/03/2021;161
3114;C;15/03/2021;634
3115;D;15/03/2021;260
3116;E;15/03/2021;556
3117;F;15/03/2021;429
3118;G;15/03/2021;679
3119;H;15/03/2021;368
3120;I;15/03/2021;532
3121;J;15/03/2021;1486
3122;K;15/03/2021;1286
3123;L;15/03/2021;1205
3124;M;15/03/2021;364
3125;N;15/03/2021;340
3126;O;15/03/2021;3655
3127;A;16/03/2021;536
3128;B;16/03/2021;322
3129;C;16/03/2021;553
3130;D;16/03/2021;339
3131;E;16/03/2021;541
3132;F;16/03/2021;404
3133;G;16/03/2021;720
3134;H;16/03/2021;346
3135;I;16/03/2021;515
3136;J;16/03/2021;1461
3137;K;16/03/2021;1492
3138;L;16/03/2021;247
3139;M;16/03/2021;289
3140;N;16/03/2021;336
3141;O;16/03/2021;3063
3142;A;17/03/2021;580
3143;B;17/03/2021;520
3144;C;17/03/2021;608
3145;D;17/03/2021;303
3146;E;17/03/2021;543
3147;F;17/03/2021;418
3148;G;17/03/2021;782
3149;H;17/03/2021;356
3150;I;17/03/2021;749
3151;J;17/03/2021;1293
3152;K;17/03/2021;1166
3153;M;17/03/2021;323
3154;N;17/03/2021;370
3155;O;17/03/2021;2592
3156;A;18/03/2021;557
3157;B;18/03/2021;893
3158;C;18/03/2021;599
3159;D;18/03/2021;286
3160;E;18/03/2021;568
3161;F;18/03/2021;537
3162;G;18/03/2021;729
3163;H;18/03/2021;329
3164;I;18/03/2021;682
3165;J;18/03/2021;1691
3166;K;18/03/2021;1153
3167;L;18/03/2021;142
3168;M;18/03/2021;309
3169;N;18/03/2021;306
3170;O;18/03/2021;2214
3171;A;19/03/2021;435
3172;B;19/03/2021;490
3173;C;19/03/2021;437
3174;D;19/03/2021;201
3175;E;19/03/2021;512
3176;F;19/03/2021;366
3177;G;19/03/2021;646
3178;H;19/03/2021;292
3179;I;19/03/2021;579
3180;J;19/03/2021;1159
3181;K;19/03/2021;1183
3182;L;19/03/2021;317
3183;M;19/03/2021;282
3184;N;19/03/2021;352
3185;O;19/03/2021;2374
3186;A;22/03/2021;514
3187;B;22/03/2021;451
3188;C;22/03/2021;503
3189;D;22/03/2021;270
3190;E;22/03/2021;626
3191;F;22/03/2021;174
3192;G;22/03/2021;648
3193;H;22/03/2021;318
3194;I;22/03/2021;672
3195;J;22/03/2021;1497
3196;K;22/03/2021;1101
3197;L;22/03/2021;18
3198;M;22/03/2021;299
3199;N;22/03/2021;355
3200;O;22/03/2021;3418
3201;A;23/03/2021;522
3202;B;23/03/2021;429
3203;C;23/03/2021;634
3204;D;23/03/2021;317
3205;E;23/03/2021;500
3206;F;23/03/2021;235
3207;G;23/03/2021;606
3208;H;23/03/2021;268
3209;I;23/03/2021;540
3210;J;23/03/2021;1515
3211;K;23/03/2021;1392
3212;M;23/03/2021;255
3213;N;23/03/2021;384
3214;O;23/03/2021;2336
3215;A;24/03/2021;556
3216;B;24/03/2021;367
3217;C;24/03/2021;555
3218;D;24/03/2021;299
3219;E;24/03/2021;375
3220;F;24/03/2021;230
3221;G;24/03/2021;642
3222;H;24/03/2021;305
3223;I;24/03/2021;597
3224;J;24/03/2021;1537
3225;K;24/03/2021;1097
3226;L;24/03/2021;153
3227;M;24/03/2021;305
3228;N;24/03/2021;268
3229;O;24/03/2021;1881
3230;A;25/03/2021;497
3231;B;25/03/2021;359
3232;C;25/03/2021;474
3233;D;25/03/2021;245
3234;E;25/03/2021;327
3235;F;25/03/2021;300
3236;G;25/03/2021;604
3237;H;25/03/2021;277
3238;I;25/03/2021;528
3239;J;25/03/2021;1183
3240;K;25/03/2021;1009
3241;L;25/03/2021;100
3242;M;25/03/2021;282
3243;N;25/03/2021;342
3244;O;25/03/2021;1994
3245;A;26/03/2021;418
3246;B;26/03/2021;299
3247;C;26/03/2021;537
3248;D;26/03/2021;227
3249;E;26/03/2021;342
3250;F;26/03/2021;203
3251;G;26/03/2021;587
3252;H;26/03/2021;264
3253;I;26/03/2021;520
3254;J;26/03/2021;1222
3255;K;26/03/2021;1033
3256;L;26/03/2021;7
3257;M;26/03/2021;251
3258;N;26/03/2021;302
3259;O;26/03/2021;1854
3260;A;29/03/2021;415
3261;B;29/03/2021;244
3262;C;29/03/2021;494
3263;D;29/03/2021;235
3264;E;29/03/2021;245
3265;F;29/03/2021;323
3266;G;29/03/2021;503
3267;H;29/03/2021;222
3268;I;29/03/2021;464
3269;J;29/03/2021;1104
3270;K;29/03/2021;1035
3271;L;29/03/2021;173
3272;M;29/03/2021;284
3273;N;29/03/2021;326
3274;O;29/03/2021;2929
3275;A;30/03/2021;499
3276;B;30/03/2021;330
3277;C;30/03/2021;580
3278;D;30/03/2021;265
3279;E;30/03/2021;252
3280;F;30/03/2021;303
3281;G;30/03/2021;521
3282;H;30/03/2021;279
3283;I;30/03/2021;522
3284;J;30/03/2021;1221
3285;K;30/03/2021;1342
3286;L;30/03/2021;482
3287;M;30/03/2021;340
3288;N;30/03/2021;285
3289;O;30/03/2021;1780
3290;A;31/03/2021;417
3291;B;31/03/2021;319
3292;C;31/03/2021;564
3293;D;31/03/2021;252
3294;E;31/03/2021;208
3295;F;31/03/2021;256
3296;G;31/03/2021;524
3297;H;31/03/2021;236
3298;I;31/03/2021;576
3299;J;31/03/2021;957
3300;K;31/03/2021;1522
3301;M;31/03/2021;362
3302;N;31/03/2021;271
3303;O;31/03/2021;2031
3304;A;01/04/2021;318
3305;B;01/04/2021;227
3306;C;01/04/2021;452
3307;D;01/04/2021;260
3308;E;01/04/2021;86
3309;F;01/04/2021;437
3310;G;01/04/2021;442
3311;H;01/04/2021;221
3312;I;01/04/2021;457
3313;J;01/04/2021;849
3314;K;01/04/2021;1309
3315;L;01/04/2021;59
3316;M;01/04/2021;297
3317;N;01/04/2021;203
3318;O;01/04/2021;1973
3319;A;02/04/2021;1
3320;D;02/04/2021;20
3321;F;02/04/2021;241
3322;L;02/04/2021;160
3323;N;02/04/2021;3
3324;A;05/04/2021;349
3325;B;05/04/2021;208
3326;C;05/04/2021;477
3327;D;05/04/2021;305
3328;E;05/04/2021;117
3329;F;05/04/2021;19
3330;G;05/04/2021;495
3331;H;05/04/2021;240
3332;I;05/04/2021;436
3333;J;05/04/2021;964
3334;K;05/04/2021;2051
3335;L;05/04/2021;2149
3336;M;05/04/2021;381
3337;N;05/04/2021;225
3338;O;05/04/2021;4070
3339;A;06/04/2021;497
3340;B;06/04/2021;261
3341;C;06/04/2021;454
3342;D;06/04/2021;354
3343;E;06/04/2021;233
3344;F;06/04/2021;338
3345;G;06/04/2021;470
3346;H;06/04/2021;228
3347;I;06/04/2021;508
3348;J;06/04/2021;1204
3349;K;06/04/2021;1959
3350;L;06/04/2021;417
3351;M;06/04/2021;468
3352;N;06/04/2021;308
3353;O;06/04/2021;2422
3354;A;07/04/2021;502
3355;B;07/04/2021;572
3356;C;07/04/2021;392
3357;D;07/04/2021;289
3358;E;07/04/2021;200
3359;F;07/04/2021;226
3360;G;07/04/2021;517
3361;H;07/04/2021;305
3362;I;07/04/2021;461
3363;J;07/04/2021;1334
3364;K;07/04/2021;1495
3365;M;07/04/2021;479
3366;N;07/04/2021;326
3367;O;07/04/2021;2109
3368;A;08/04/2021;479
3369;B;08/04/2021;621
3370;C;08/04/2021;386
3371;D;08/04/2021;308
3372;E;08/04/2021;204
3373;F;08/04/2021;187
3374;G;08/04/2021;530
3375;H;08/04/2021;256
3376;I;08/04/2021;358
3377;J;08/04/2021;1208
3378;K;08/04/2021;1426
3379;L;08/04/2021;116
3380;M;08/04/2021;515
3381;N;08/04/2021;373
3382;O;08/04/2021;1997
3383;A;09/04/2021;466
3384;B;09/04/2021;511
3385;C;09/04/2021;540
3386;D;09/04/2021;230
3387;E;09/04/2021;104
3388;F;09/04/2021;324
3389;G;09/04/2021;501
3390;H;09/04/2021;271
3391;I;09/04/2021;151
3392;J;09/04/2021;1420
3393;K;09/04/2021;1186
3394;L;09/04/2021;1533
3395;M;09/04/2021;447
3396;N;09/04/2021;372
3397;O;09/04/2021;2171
3398;A;12/04/2021;499
3399;B;12/04/2021;377
3400;C;12/04/2021;367
3401;D;12/04/2021;299
3402;E;12/04/2021;234
3403;F;12/04/2021;325
3404;G;12/04/2021;517
3405;H;12/04/2021;278
3406;I;12/04/2021;130
3407;J;12/04/2021;1248
3408;K;12/04/2021;1411
3409;M;12/04/2021;402
3410;N;12/04/2021;371
3411;O;12/04/2021;3084
3412;A;13/04/2021;532
3413;B;13/04/2021;409
3414;C;13/04/2021;477
3415;D;13/04/2021;266
3416;E;13/04/2021;271
3417;F;13/04/2021;281
3418;G;13/04/2021;558
3419;H;13/04/2021;268
3420;I;13/04/2021;168
3421;J;13/04/2021;1234
3422;K;13/04/2021;1619
3423;M;13/04/2021;419
3424;N;13/04/2021;451
3425;O;13/04/2021;2661
3426;A;14/04/2021;551
3427;B;14/04/2021;428
3428;C;14/04/2021;547
3429;D;14/04/2021;245
3430;E;14/04/2021;126
3431;F;14/04/2021;243
3432;G;14/04/2021;533
3433;H;14/04/2021;288
3434;I;14/04/2021;153
3435;J;14/04/2021;1268
3436;K;14/04/2021;16
3437;L;14/04/2021;1475
3438;M;14/04/2021;465
3439;N;14/04/2021;376
3440;A;15/04/2021;518
3441;B;15/04/2021;423
3442;C;15/04/2021;644
3443;D;15/04/2021;283
3444;E;15/04/2021;137
3445;F;15/04/2021;360
3446;G;15/04/2021;529
3447;H;15/04/2021;249
3448;I;15/04/2021;141
3449;J;15/04/2021;1424
3450;K;15/04/2021;9
3451;L;15/04/2021;14
3452;M;15/04/2021;369
3453;N;15/04/2021;353
3454;A;16/04/2021;469
3455;B;16/04/2021;323
3456;C;16/04/2021;485
3457;D;16/04/2021;221
3458;E;16/04/2021;105
3459;F;16/04/2021;322
3460;G;16/04/2021;475
3461;H;16/04/2021;247
3462;I;16/04/2021;155
3463;J;16/04/2021;1129
3464;K;16/04/2021;2
3465;L;16/04/2021;5
3466;M;16/04/2021;361
3467;N;16/04/2021;379
3468;A;19/04/2021;507
3469;B;19/04/2021;373
3470;C;19/04/2021;517
3471;D;19/04/2021;275
3472;E;19/04/2021;71
3473;F;19/04/2021;262
3474;G;19/04/2021;472
3475;H;19/04/2021;225
3476;I;19/04/2021;163
3477;J;19/04/2021;1263
3478;K;19/04/2021;3
3479;L;19/04/2021;306
3480;M;19/04/2021;350
3481;N;19/04/2021;352
3482;A;20/04/2021;557
3483;B;20/04/2021;341
3484;C;20/04/2021;513
3485;D;20/04/2021;290
3486;E;20/04/2021;157
3487;F;20/04/2021;254
3488;G;20/04/2021;490
3489;H;20/04/2021;234
3490;I;20/04/2021;155
3491;J;20/04/2021;1414
3492;K;20/04/2021;8
3493;L;20/04/2021;120
3494;M;20/04/2021;439
3495;N;20/04/2021;333
3496;A;21/04/2021;23
3497;D;21/04/2021;24
3498;F;21/04/2021;295
3499;L;21/04/2021;1
3500;A;22/04/2021;527
3501;B;22/04/2021;342
3502;C;22/04/2021;403
3503;D;22/04/2021;210
3504;E;22/04/2021;131
3505;F;22/04/2021;1
3506;G;22/04/2021;555
3507;H;22/04/2021;285
3508;I;22/04/2021;182
3509;J;22/04/2021;2128
3510;K;22/04/2021;10
3511;L;22/04/2021;17
3512;M;22/04/2021;371
3513;N;22/04/2021;334
3514;A;23/04/2021;466
3515;B;23/04/2021;301
3516;C;23/04/2021;643
3517;D;23/04/2021;267
3518;E;23/04/2021;142
3519;F;23/04/2021;176
3520;G;23/04/2021;537
3521;H;23/04/2021;228
3522;I;23/04/2021;132
3523;J;23/04/2021;1323
3524;K;23/04/2021;6
3525;L;23/04/2021;2
3526;M;23/04/2021;473
3527;N;23/04/2021;357
3528;A;26/04/2021;518
3529;B;26/04/2021;342
3530;C;26/04/2021;369
3531;D;26/04/2021;222
3532;E;26/04/2021;226
3533;F;26/04/2021;230
3534;G;26/04/2021;501
3535;H;26/04/2021;261
3536;I;26/04/2021;175
3537;J;26/04/2021;1417
3538;K;26/04/2021;6
3539;L;26/04/2021;196
3540;M;26/04/2021;344
3541;N;26/04/2021;413
3542;A;27/04/2021;512
3543;B;27/04/2021;409
3544;C;27/04/2021;689
3545;D;27/04/2021;273
3546;E;27/04/2021;184
3547;F;27/04/2021;105
3548;G;27/04/2021;590
3549;H;27/04/2021;269
3550;I;27/04/2021;153
3551;J;27/04/2021;1446
3552;K;27/04/2021;1040
3553;L;27/04/2021;184
3554;M;27/04/2021;445
3555;N;27/04/2021;379
3556;O;27/04/2021;1945
3557;A;28/04/2021;491
3558;B;28/04/2021;341
3559;C;28/04/2021;512
3560;D;28/04/2021;298
3561;E;28/04/2021;171
3562;F;28/04/2021;583
3563;G;28/04/2021;560
3564;H;28/04/2021;262
3565;I;28/04/2021;191
3566;J;28/04/2021;1745
3567;K;28/04/2021;1230
3568;L;28/04/2021;2
3569;M;28/04/2021;451
3570;N;28/04/2021;369
3571;O;28/04/2021;181
3572;A;29/04/2021;425
3573;B;29/04/2021;309
3574;C;29/04/2021;483
3575;D;29/04/2021;296
3576;E;29/04/2021;226
3577;F;29/04/2021;299
3578;G;29/04/2021;520
3579;H;29/04/2021;282
3580;I;29/04/2021;161
3581;J;29/04/2021;1486
3582;K;29/04/2021;1334
3583;L;29/04/2021;532
3584;M;29/04/2021;552
3585;N;29/04/2021;359
3586;O;29/04/2021;171
3587;A;30/04/2021;414
3588;B;30/04/2021;320
3589;C;30/04/2021;628
3590;D;30/04/2021;237
3591;E;30/04/2021;183
3592;F;30/04/2021;257
3593;G;30/04/2021;459
3594;H;30/04/2021;241
3595;I;30/04/2021;178
3596;J;30/04/2021;1347
3597;K;30/04/2021;1359
3598;M;30/04/2021;622
3599;N;30/04/2021;338
3600;O;30/04/2021;168
