ID;PRC;DT_ENTD_PRC
1;A;03/05/2021
2;B;03/05/2021
3;C;03/05/2021
4;D;03/05/2021
5;E;03/05/2021
6;F;03/05/2021
7;G;03/05/2021
8;H;03/05/2021
9;I;03/05/2021
10;J;03/05/2021
11;K;03/05/2021
12;L;03/05/2021
13;M;03/05/2021
14;N;03/05/2021
15;O;03/05/2021
16;A;04/05/2021
17;B;04/05/2021
18;C;04/05/2021
19;D;04/05/2021
20;E;04/05/2021
21;F;04/05/2021
22;G;04/05/2021
23;H;04/05/2021
24;I;04/05/2021
25;J;04/05/2021
26;K;04/05/2021
27;L;04/05/2021
28;M;04/05/2021
29;N;04/05/2021
30;O;04/05/2021
31;A;05/05/2021
32;B;05/05/2021
33;C;05/05/2021
34;D;05/05/2021
35;E;05/05/2021
36;F;05/05/2021
37;G;05/05/2021
38;H;05/05/2021
39;I;05/05/2021
40;J;05/05/2021
41;K;05/05/2021
42;M;05/05/2021
43;N;05/05/2021
44;O;05/05/2021
45;A;06/05/2021
46;B;06/05/2021
47;C;06/05/2021
48;D;06/05/2021
49;E;06/05/2021
50;F;06/05/2021
51;G;06/05/2021
52;H;06/05/2021
53;I;06/05/2021
54;J;06/05/2021
55;K;06/05/2021
56;L;06/05/2021
57;M;06/05/2021
58;N;06/05/2021
59;O;06/05/2021
60;A;07/05/2021
61;B;07/05/2021
62;C;07/05/2021
63;D;07/05/2021
64;E;07/05/2021
65;F;07/05/2021
66;G;07/05/2021
67;H;07/05/2021
68;I;07/05/2021
69;J;07/05/2021
70;K;07/05/2021
71;M;07/05/2021
72;N;07/05/2021
73;O;07/05/2021
74;A;10/05/2021
75;B;10/05/2021
76;C;10/05/2021
77;D;10/05/2021
78;E;10/05/2021
79;F;10/05/2021
80;G;10/05/2021
81;H;10/05/2021
82;I;10/05/2021
83;J;10/05/2021
84;K;10/05/2021
85;L;10/05/2021
86;M;10/05/2021
87;N;10/05/2021
88;O;10/05/2021
89;A;11/05/2021
90;B;11/05/2021
91;C;11/05/2021
92;D;11/05/2021
93;E;11/05/2021
94;F;11/05/2021
95;G;11/05/2021
96;H;11/05/2021
97;I;11/05/2021
98;J;11/05/2021
99;K;11/05/2021
100;L;11/05/2021
101;M;11/05/2021
102;N;11/05/2021
103;O;11/05/2021
104;A;12/05/2021
105;B;12/05/2021
106;C;12/05/2021
107;D;12/05/2021
108;E;12/05/2021
109;F;12/05/2021
110;G;12/05/2021
111;H;12/05/2021
112;I;12/05/2021
113;J;12/05/2021
114;K;12/05/2021
115;M;12/05/2021
116;N;12/05/2021
117;O;12/05/2021
118;A;13/05/2021
119;B;13/05/2021
120;C;13/05/2021
121;D;13/05/2021
122;E;13/05/2021
123;F;13/05/2021
124;G;13/05/2021
125;H;13/05/2021
126;I;13/05/2021
127;J;13/05/2021
128;K;13/05/2021
129;M;13/05/2021
130;N;13/05/2021
131;O;13/05/2021
132;A;14/05/2021
133;B;14/05/2021
134;C;14/05/2021
135;D;14/05/2021
136;E;14/05/2021
137;F;14/05/2021
138;G;14/05/2021
139;H;14/05/2021
140;I;14/05/2021
141;J;14/05/2021
142;K;14/05/2021
143;L;14/05/2021
144;M;14/05/2021
145;N;14/05/2021
146;O;14/05/2021
147;A;17/05/2021
148;B;17/05/2021
149;C;17/05/2021
150;D;17/05/2021
151;E;17/05/2021
152;F;17/05/2021
153;G;17/05/2021
154;H;17/05/2021
155;I;17/05/2021
156;J;17/05/2021
157;K;17/05/2021
158;L;17/05/2021
159;M;17/05/2021
160;N;17/05/2021
161;O;17/05/2021
162;A;18/05/2021
163;B;18/05/2021
164;C;18/05/2021
165;D;18/05/2021
166;E;18/05/2021
167;F;18/05/2021
168;G;18/05/2021
169;H;18/05/2021
170;I;18/05/2021
171;J;18/05/2021
172;K;18/05/2021
173;L;18/05/2021
174;M;18/05/2021
175;N;18/05/2021
176;O;18/05/2021
177;A;19/05/2021
178;B;19/05/2021
179;C;19/05/2021
180;D;19/05/2021
181;E;19/05/2021
182;F;19/05/2021
183;G;19/05/2021
184;H;19/05/2021
185;I;19/05/2021
186;J;19/05/2021
187;L;19/05/2021
188;M;19/05/2021
189;N;19/05/2021
190;A;20/05/2021
191;B;20/05/2021
192;C;20/05/2021
193;D;20/05/2021
194;E;20/05/2021
195;F;20/05/2021
196;G;20/05/2021
197;H;20/05/2021
198;I;20/05/2021
199;J;20/05/2021
200;K;20/05/2021
201;M;20/05/2021
202;N;20/05/2021
203;O;20/05/2021
204;A;21/05/2021
205;B;21/05/2021
206;C;21/05/2021
207;D;21/05/2021
208;E;21/05/2021
209;F;21/05/2021
210;G;21/05/2021
211;H;21/05/2021
212;I;21/05/2021
213;J;21/05/2021
214;K;21/05/2021
215;L;21/05/2021
216;M;21/05/2021
217;N;21/05/2021
218;O;21/05/2021
219;A;24/05/2021
220;B;24/05/2021
221;C;24/05/2021
222;D;24/05/2021
223;E;24/05/2021
224;F;24/05/2021
225;G;24/05/2021
226;H;24/05/2021
227;I;24/05/2021
228;J;24/05/2021
229;K;24/05/2021
230;L;24/05/2021
231;M;24/05/2021
232;N;24/05/2021
233;O;24/05/2021
234;A;25/05/2021
235;B;25/05/2021
236;C;25/05/2021
237;D;25/05/2021
238;E;25/05/2021
239;F;25/05/2021
240;G;25/05/2021
241;H;25/05/2021
242;I;25/05/2021
243;J;25/05/2021
244;K;25/05/2021
245;L;25/05/2021
246;M;25/05/2021
247;N;25/05/2021
248;O;25/05/2021
249;A;26/05/2021
250;B;26/05/2021
251;C;26/05/2021
252;D;26/05/2021
253;E;26/05/2021
254;F;26/05/2021
255;G;26/05/2021
256;H;26/05/2021
257;I;26/05/2021
258;J;26/05/2021
259;K;26/05/2021
260;L;26/05/2021
261;M;26/05/2021
262;N;26/05/2021
263;O;26/05/2021
264;A;27/05/2021
265;B;27/05/2021
266;C;27/05/2021
267;D;27/05/2021
268;E;27/05/2021
269;F;27/05/2021
270;G;27/05/2021
271;H;27/05/2021
272;I;27/05/2021
273;J;27/05/2021
274;K;27/05/2021
275;L;27/05/2021
276;M;27/05/2021
277;N;27/05/2021
278;O;27/05/2021
279;A;28/05/2021
280;B;28/05/2021
281;C;28/05/2021
282;D;28/05/2021
283;E;28/05/2021
284;F;28/05/2021
285;G;28/05/2021
286;H;28/05/2021
287;I;28/05/2021
288;J;28/05/2021
289;K;28/05/2021
290;L;28/05/2021
291;M;28/05/2021
292;N;28/05/2021
293;O;28/05/2021
294;A;31/05/2021
295;B;31/05/2021
296;C;31/05/2021
297;D;31/05/2021
298;E;31/05/2021
299;F;31/05/2021
300;G;31/05/2021
301;H;31/05/2021
302;I;31/05/2021
303;J;31/05/2021
304;K;31/05/2021
305;L;31/05/2021
306;M;31/05/2021
307;N;31/05/2021
308;O;31/05/2021
